temperature,vibration,pressure,operating_hours,failure
74.96714153011233,0.5778361076166638,20.460962210613047,2541,1
68.61735698828815,0.44488142836714667,25.69807494610249,1198,1
76.47688538100692,0.41818011165776925,27.931972332891778,1605,1
85.23029856408026,0.49966255425890477,39.43843828670095,1226,1
67.65846625276664,0.4829815377475072,32.78276562266879,396,0
67.6586304305082,0.4546771950672725,23.322592154500544,3149,0
85.79212815507391,0.5696387447456716,32.43018144708819,2325,1
77.67434729152909,0.595530520857051,22.26348005530817,4454,0
65.30525614065049,0.5088406886291847,35.41345526943537,3887,1
75.42560043585965,0.6477530081055262,27.64437674091061,2196,1
65.36582307187538,0.3858310885866495,29.531819056304144,3709,0
65.34270246429743,0.4806340540720282,36.62898323771095,2308,0
72.41962271566034,0.4283177679397195,23.56418215707875,275,1
50.86719755342202,0.313346338292694,23.014409074435044,2602,0
52.75082167486967,0.4917319314157301,27.082003368269977,4099,0
64.37712470759027,0.48782524916167164,35.191894255096585,1767,0
59.87168879665576,0.6513449743242131,22.403269622615788,4471,0
73.14247332595274,0.5630811684554777,15.839222009447155,2645,1
60.91975924478789,0.3975813175670795,27.744205707955008,775,1
55.87696298664709,0.6854092566334189,32.758703999554605,1923,1
84.65648768921554,0.6221033695525353,36.00130874869414,1456,1
67.74223699513465,0.5582097703468616,27.684193189573005,3172,0
70.67528204687923,0.4773515901150168,27.942866964419988,3359,1
55.75251813786544,0.404056076327652,35.769503671278734,646,1
64.55617275474818,0.4627793223928947,20.6512915015229,2183,0
71.10922589709867,0.6088748619704186,28.057396124084953,2140,1
58.490064225776976,0.6884586305934609,30.95211944962529,4634,1
73.75698018345672,0.6543243528272189,32.24609360642517,1852,0
63.99361310081195,0.45111505782137257,27.450966534045588,1715,0
67.08306250206724,0.38803825667109887,30.172205058529208,1949,0
63.98293387770603,0.5140886246911204,17.55836323293505,2742,1
88.52278184508938,0.32315606344371484,26.70875793833076,1700,1
69.86502775262066,0.5323167714184781,32.26754356277234,3496,0
59.422890710440996,0.48523974137013315,25.088529828726603,4502,1
78.22544912103189,0.4533963498131758,30.294921107947985,3705,1
57.791563500289776,0.34052969327332044,32.23436250401349,3899,0
72.08863595004756,0.5513600106569716,28.287253995711175,718,1
50.403298761202244,0.44672991603380885,30.852318854982855,1232,0
56.71813951101569,0.3830083164289712,25.186337173576938,2215,0
71.96861235869123,0.21277377867183506,28.966943601519766,2439,0
77.3846657999541,0.4972485094949364,33.05108084794611,2839,1
71.7136828118997,0.6772251596669744,30.784864804842172,4376,0
68.8435171761176,0.666125921454787,27.067343652180323,1587,1
66.98896304410711,0.4542903743413728,31.121082021453965,1657,0
55.214780096325725,0.4397787939638219,33.57304895318309,2213,0
62.801557916052914,0.5468774256075024,19.75029360711261,1144,0
65.39361229040213,0.4001614560811708,35.79537032477949,2531,0
80.57122226218915,0.5301791899819466,28.31872630659464,1682,1
73.43618289568461,0.5766080278384691,32.12744966620115,1408,1
52.36959844637266,0.6226933223884308,35.98623461822614,701,0
73.24083969394795,0.4899845923520047,23.14163151384767,1720,0
66.14917719583684,0.4796326249823034,26.452794987862266,4980,1
63.23077999694041,0.4122017413243439,28.557256520621475,4866,1
76.11676288840867,0.417311964596014,26.081232394377857,200,0
80.30999522495951,0.4773521108098473,38.67468287918404,4371,1
79.31280119116198,0.5367365506816179,25.716139530866037,337,0
61.607824767773614,0.5913584626233249,27.222266102565666,4125,1
66.90787624148786,0.4196821049319655,31.021945158014884,3018,1
73.31263431403563,0.6492688568959522,23.989252369619557,2642,1
79.75545127122359,0.4728876398957431,28.02159644121868,2103,1
65.2082576215471,0.4978632705651564,31.587266306250875,1637,1
68.14341023336183,0.42527883208521766,28.335697978087445,854,0
58.93665025993972,0.2575759739727058,29.53306570550026,3468,0
58.037933759193294,0.588404539636105,27.353339437758144,2358,0
78.12525822394198,0.5736843897092433,22.427648454096165,3765,0
83.56240028570824,0.47186724428817867,31.607966056696192,4335,0
69.27989878419666,0.5066990717224872,38.774665358236206,640,1
80.03532897892023,0.55159392177041,30.09200815391719,369,1
73.61636025047635,0.34374541431134575,31.126320586237746,3560,0
63.54880245394876,0.4470947322653705,33.4636137755843,3508,0
73.61395605508415,0.5794264679621828,23.653347517266504,605,0
85.38036566465969,0.3745710576830751,38.51257329064803,1229,0
69.64173960890048,0.5293557932166629,31.01164398211401,2179,1
85.64643655814007,0.3643418195376595,38.15928449544555,3245,1
43.80254895910255,0.5466429982433526,26.334835022380055,3342,0
78.21902504375224,0.4964358517702516,39.09030961278913,461,1
70.87047068238171,0.33848681840944905,33.875777470173915,3820,1
67.00992649534132,0.6164739354457172,32.76520042926179,1556,0
70.91760776535503,0.42654084232019507,31.17012227176574,4167,1
50.124310853991076,0.4189747562985619,28.757356909627752,4295,1
67.80328112162488,0.5200569197230943,36.00265829236936,1781,1
73.57112571511746,0.6148637349428715,30.701799349240236,1152,0
84.77894044741517,0.3984178181021603,20.164651482064237,2609,1
64.81729781726352,0.5061679849847972,24.414067691464986,4827,0
61.91506397106812,0.5428816500330573,29.070771239036265,781,0
64.98242956415463,0.5693105607263144,31.549994915827774,4032,1
79.15402117702074,0.5176441555277225,29.71705755550052,2229,0
73.28751109659684,0.46329721609166774,36.094853948968314,4949,1
64.70239796232961,0.41724097793512804,20.244490679806876,4116,1
75.13267433113356,0.5086143883046375,30.717939682525802,3402,0
70.9707754934804,0.39278609880143933,20.910103873064227,819,0
79.68644990532889,0.20786495165053925,33.79856147742084,174,1
62.979469061226474,0.5436559804157668,29.527706427789987,1393,1
66.72337853402232,0.5903934841086196,32.09804986012059,2022,1
66.07891846867842,0.26370675644581615,25.68058519705117,4257,1
55.364850518678814,0.39902692952900626,36.39732465828875,419,1
72.96120277064576,0.5619154261005198,35.20862332029426,2249,1
72.6105527217989,0.7057495469711699,32.91772151505944,1552,1
70.05113456642461,0.5020793707675408,29.352413765682797,1655,0
67.65412866624852,0.42719970587708656,32.89928642647566,4307,1
55.84629257949586,0.481710355889516,26.465537160063256,3132,1
65.79354677234642,0.6374876419148185,34.27777829510356,560,1
66.57285483473231,0.4354035820875465,38.2474044716196,986,0
61.97722730778381,0.42008079933497466,35.353052799895934,3633,1
68.3871428833399,0.45172564778179675,26.351987650962954,4036,1
74.04050856814538,0.4046671391741288,31.807086586365514,1215,1
88.8618590121053,0.5122670315994795,23.53429228120676,1175,0
71.74577812831839,0.6624678458469561,32.86195155587838,3976,1
72.57550390722764,0.5323079273116029,32.253017064312694,4715,0
69.25554084233833,0.47476464978737126,20.65091830233918,2024,0
50.812287847009586,0.4708188731084456,24.19108078043818,1026,0
69.73486124550783,0.3436809191303343,28.584305516281166,4752,0
70.60230209941027,0.588310977714716,28.495701264295867,2381,1
94.63242112485287,0.4922162802987198,23.952615322905974,1155,1
68.07639035218878,0.48195200864093746,31.944893646760917,4774,0
73.01547342333612,0.8193107567844862,31.25736804470256,641,1
69.65288230294756,0.5298752908365686,29.028654340107405,2261,1
58.31321962380468,0.4248208949904816,26.221042499208185,2351,0
81.4282281451502,0.4573642403794457,35.24353563208282,1152,1
77.51933032686775,0.6148445709196755,38.27703556544148,4669,1
77.91031947043047,0.5113270410537765,27.582192580767316,2844,1
60.906125452052606,0.3561722021682633,26.939165414225897,3969,0
84.02794310936099,0.5919228934575204,32.45603832705998,4581,0
55.98148937207719,0.4331855914461006,28.209853101265068,4257,1
75.8685709380027,0.6873297776217546,29.30301399668383,4710,1
91.90455625809979,0.6080048065714648,33.69826575862336,4625,1
60.09463674869312,0.4552678104341249,20.453219562463538,4775,0
64.33702270397228,0.6281016361735113,36.59151162426335,1660,0
70.99651365087641,0.5067855510527404,30.363402621646706,3862,1
64.965243458838,0.5852773675122219,27.9425342771891,1264,0
54.493365689338674,0.5484732817294475,29.553829228892756,2822,1
70.68562974806028,0.41536433450091265,29.812146775102594,2458,0
59.37696286273895,0.4356450167682538,21.343993482775375,570,1
74.73592430635182,0.6029960817581161,37.47469113726618,1516,0
60.80575765766197,0.4665224667893459,30.20662816135309,1568,1
85.4993440501754,0.4596351536758003,32.21501065223688,908,1
62.16746707663763,0.4044877420650647,34.757748852870215,271,0
66.77938483794324,0.5423599065593461,24.894187712198498,4226,0
78.1351721736967,0.7062524919243145,32.367359495176146,4242,1
57.69135683566045,0.3932467085745727,28.661794545506034,4325,0
72.2745993460413,0.5024219456672758,34.23385387608247,2499,1
83.07142754282428,0.6412220555415429,19.363862898242523,1745,1
53.92516765438772,0.4920358608754285,29.504528498793654,157,1
71.84633858532304,0.5452371796249734,26.98589672108019,1229,0
72.59882794248423,0.393760647185312,32.16131475317078,1453,1
77.81822871777311,0.5428307097207649,32.35022093684101,867,0
57.63049289121918,0.48128557349954515,26.46187052588987,3995,0
56.795433869157236,0.5985729995679863,26.43913067911978,782,0
75.21941565616898,0.6187386051564752,29.446673157213354,3554,1
72.96984673233186,0.7589563642018614,25.516788863423958,2108,0
72.50492850345877,0.5579633173213576,34.209918477260636,3242,0
73.46448209496975,0.5325796316582166,28.15396399776277,1890,1
63.19975278421509,0.5194384301577336,15.465058903391792,1577,0
72.32253697161003,0.4646833707189312,28.12588971689097,985,1
72.93072473298682,0.5338483843461691,24.80728089578014,4006,1
62.85648581973632,0.47045985898609705,21.843620922695273,4592,1
88.65774511144757,0.5168460976269614,23.812866808887136,1638,1
74.73832920911788,0.631759753560796,30.547042359164852,2173,1
58.08696502797351,0.3993457434720359,36.643204141241156,412,0
76.5655360863383,0.6139878561129045,31.565922369324902,910,0
60.253183297726785,0.6317115067339866,26.967483058921303,2335,1
77.87084603742451,0.48819314730089214,32.279520975853515,2957,1
81.58595579007404,0.2878145100991405,27.70454844890504,2863,1
61.7931768164829,0.43921780129055676,26.526998154184277,2132,0
79.63376129244321,0.629699454656111,24.228186658835078,1607,1
74.12780926936499,0.4977131937701118,21.240855966241405,4645,1
78.2206015999449,0.4000697767705089,28.050381467202772,2670,0
88.96792982653947,0.44952250787717823,30.79026744960066,1994,1
67.5461188399713,0.5840620026504553,29.51688164992555,2805,0
62.4626383564251,0.554673356820138,27.920165360263205,696,1
61.10485570374477,0.4761067900830306,25.271269696516093,2247,0
61.841897150345616,0.46331755881853126,33.04123095842484,715,0
69.22898290585896,0.4608241850956178,23.414340400267076,1047,1
73.41151974816644,0.4077589815501497,33.88013956921738,4751,0
72.7669079933002,0.6615375689469442,24.988914905366375,4473,1
78.27183249036024,0.467767953078866,26.237823813234826,3864,1
70.13001891877907,0.6217158520825496,22.666074046921615,2113,1
84.53534077157317,0.6521316051922451,27.492989265571815,3797,1
67.35343166762044,0.599831089814796,34.87656229238989,590,0
97.20169166589619,0.45683796872819515,32.578140442219784,4450,1
76.25667347765007,0.5403730090336609,34.892110560140175,2528,1
61.42842443583717,0.4975804393609084,32.61071272966968,641,1
59.29107501938888,0.40962981392698716,24.481650857348153,1387,0
74.82472415243186,0.5324359281721603,28.346053878362213,1733,0
67.7653721467415,0.3820960208840197,26.099004354412685,3026,1
77.14000494092092,0.6187679388461564,36.6528745201952,1452,1
74.73237624573545,0.4535382702701607,24.01605676786844,4476,0
69.27171087343127,0.5201159655872839,34.46848844694556,1398,1
61.532062819315954,0.5283287871546142,34.46476935054385,4968,1
54.851527753141355,0.4741095026295923,39.14810100858044,4067,0
65.53485047932979,0.5586693801475274,27.951567036852513,4523,0
78.56398794323472,0.45250963433774755,33.56161079790081,2358,1
72.14093744130204,0.5871297297457244,41.40825918269421,4747,1
57.542612212880115,0.36540203197532517,26.911791615331516,2173,1
71.73180925851182,0.5126379579546412,22.3247987623382,801,1
73.85317379728836,0.6938928999058285,20.59994983046118,2019,0
61.16142563798867,0.39996686753944255,33.563560144306656,2560,1
71.53725105945527,0.43222550294751483,20.584248959707082,4362,0
70.58208718446,0.5513907849658914,28.138404735310385,4364,0
58.57029702169377,0.5179581781939598,32.18656593519481,4424,1
73.57787360348283,0.5350630099273559,30.92587768414957,466,1
75.60784526368235,0.5489187130147664,32.12722432092086,627,1
80.83051243175277,0.563472146856177,31.11144927900427,4986,0
80.53802052034902,0.6109699841956223,36.39432906656697,3818,0
56.22330632042909,0.5409818656928512,25.238418096306013,3709,1
60.62174960084877,0.47587423453814576,26.615024307707344,4035,0
75.1503526720866,0.5672573701202731,26.13670277364588,4719,1
75.1378595091221,0.6899881934895216,34.15095905931305,2253,0
75.15047686306048,0.48673662536174267,34.50199294197532,2008,1
108.52731490654722,0.40254706953293584,32.25612659659254,3112,1
75.70890510693167,0.6107080669286973,35.91746833444964,4328,0
81.35565640180599,0.48796188360464016,24.109795663118096,3122,1
79.54001763493203,0.28273304539859634,38.336120557755685,3583,1
76.51391251305797,0.5847421677150422,37.61619310856129,2820,1
66.84730755359655,0.4464671814046077,33.67810998622873,1870,1
77.58969220493267,0.4909466717695839,38.9089945438553,4213,1
62.27174785462428,0.5331980330569015,21.71688396161113,1877,0
67.63181393259991,0.5190499679779066,27.377759318686742,4312,1
65.14636452170896,0.570945181713904,26.32348269659024,897,1
70.81874139386322,0.4564513629430157,33.607396618786716,3315,0
93.14658566673509,0.5513105798176082,24.749296301989272,3888,1
51.32734807408252,0.4740453322416083,33.78747574668743,3076,0
76.86260190374513,0.5738810480887503,36.85268071998357,3837,0
53.87284128810349,0.5615367484013053,33.47601450042,1811,0
65.28068134210567,0.40645612979554047,31.418755118307505,852,0
80.88950596967366,0.6085982116175033,25.060633295496253,2569,0
70.64280019095463,0.4464036554885952,25.765745169373176,4069,1
59.22255222070694,0.5808057798281145,36.248094526483335,1492,0
62.84696290740032,0.5367287313401341,33.89674501952666,2705,1
76.79597748934675,0.6838183676795122,29.80490240311228,777,0
62.69633368282864,0.4776534017628148,27.91045227117055,205,1
72.16458589581976,0.46506832038818025,19.870960634443115,3387,0
70.45571839903813,0.4980580394112267,24.645737906577807,4853,0
63.483996523941826,0.4696820217165725,39.55709543569861,2046,0
91.43944089325325,0.579994190194205,23.597722144987667,1195,1
76.33919022318011,0.3383689391563412,30.947399106105404,1882,1
49.74857413342393,0.3946317580853646,35.03721986597599,4641,0
71.86454314769428,0.3932197078420807,23.725386659988537,3357,0
63.38213535231612,0.5950307591973576,30.923552373905416,2097,1
78.52433334796224,0.6710613372581925,34.689577687553275,4969,0
62.07479261567299,0.4895550781462529,30.06249660953625,1661,0
68.85263558533102,0.4831178276809989,44.34201527833384,4106,1
75.04987278980457,0.5070052163113181,21.65700370560902,1775,0
78.65755194170121,0.616187830260819,35.2936426494194,1222,1
57.997035929442234,0.4072646865809426,29.135991313017676,4081,0
66.65498764159051,0.5238368982734785,33.85960077418338,1401,1
65.25054688839043,0.5975197629782429,32.20653575849623,1043,0
63.46670767426288,0.5501094169939845,26.334219014450017,4650,0
87.65454240281096,0.5189581616598743,31.1449819622967,1045,1
74.04981710960955,0.6001046092567142,20.710492743008565,700,0
57.391160456649544,0.22967677070007625,33.01623750285697,2800,0
79.17861947054776,0.5677875319530907,31.49079232995263,4920,0
91.22156197012633,0.4345924316872576,33.19330084321551,1517,1
80.32465260551147,0.31693671031435433,35.29059162543575,1624,0
54.80630034045987,0.551120259952498,31.838099201048554,3866,1
65.15765927133748,0.6373658545162958,30.740447098991382,350,1
82.66911149186623,0.48625514853723084,25.59465831669354,1644,1
62.92330534381219,0.5952874547202939,26.438896181754746,178,1
74.43819428146229,0.6612278257988645,35.93367310088666,3223,0
77.74634053429337,0.6314914453584047,37.18167702852989,997,1
60.730695284219166,0.6639964529371393,28.80944781843973,4976,0
69.404746439382,0.5742127491071892,30.230013736266372,325,1
37.58732659930927,0.5075433638901593,25.47692812503117,1309,0
59.756123586657104,0.33980341881028314,35.86378422633722,4998,0
67.4743184860684,0.47539375118700516,33.32708411845889,4937,0
57.52216818035151,0.41567534046838084,39.70608718231875,2278,1
86.32411303931636,0.7170942717497814,25.608384614101304,2779,1
55.69858622039367,0.48241141875676635,28.109960504908916,2985,1
65.59955513303017,0.5123204806784486,31.157229612627862,2906,1
71.30740577286092,0.5551485376040468,33.23244768862885,803,0
84.41273289066116,0.5043602446372454,28.92166181226184,2644,0
55.6413784882056,0.6695051040430753,25.635194547731498,2470,1
81.63163752154959,0.4377350638265548,34.40703764461786,3381,0
70.10233061019586,0.5194607455237242,33.60567681272791,4810,0
60.18491348952049,0.42575294143019515,25.418629497181374,428,1
74.6210347426327,0.3679977488779294,36.777214005527476,4328,1
71.9905969557347,0.43882309090947147,35.850993545983016,220,0
63.99783122841205,0.4962963202951588,30.671482486238965,1064,0
70.69802084990019,0.457069777548274,30.39798931188018,4324,1
66.14686403138239,0.4307579020126144,32.77028885557954,3775,0
71.13517345251248,0.3593682536328166,25.69148464871871,2176,1
76.62130674521046,0.4916894427371305,30.15015739582041,432,0
85.86016816145352,0.3495279625968998,19.2380822769541,3468,1
57.62184501173151,0.5760055963689603,34.382278227514675,1416,1
91.33033374656267,0.5082439752934503,22.192533887790702,1296,0
50.47912200477498,0.3542448500535069,37.51709914214499,3270,0
68.48214904964416,0.46907909229501366,28.349399530167748,1529,0
75.88317206484577,0.4247843594409417,28.941665090344117,455,1
72.80991867735032,0.531917451041918,26.86133046957747,4334,1
63.77300480179406,0.6340450446023145,28.55980563038962,1626,1
67.91877749642725,0.3124827530354255,37.092656725740184,3997,1
65.06999065341168,0.5115026079147417,17.5609567173246,128,0
64.10635243055789,0.48398672044333596,36.38482693044094,1113,1
78.49602097021025,0.5671340076450466,31.69011740550854,2802,1
73.57015485965047,0.521319662823769,23.964891760713922,927,1
63.070904047393455,0.42480306682611807,24.62343803475381,4546,1
78.9959987543325,0.46809460643333817,38.38196513604102,2124,0
73.07299520876609,0.4203974143196511,25.272465600286345,398,1
78.1286211883896,0.6076007138598598,24.233247447020204,1965,1
76.29628841923612,0.5021311648671942,35.68657271182364,4116,1
61.710049890779274,0.6901190685753007,31.692764381429573,2211,1
64.3981895980303,0.4939339186185379,25.310372117318007,854,1
77.47293605123262,0.42915932330895373,31.083124877023096,869,0
76.10370265433465,0.3486285607387173,24.871236581798613,3835,0
69.79098406035853,0.3196860323744055,35.50410699211302,1338,0
71.17327383308782,0.341586405699451,35.306854824365665,2313,0
82.77664895788425,0.5267126651011483,32.66003099410972,2006,0
64.0842861116417,0.5508725023229933,31.808305306235084,1664,0
75.47097381170038,0.34188092979678664,38.80594062433687,1318,1
67.97807347566106,0.5895038314076115,29.998431636941127,4701,1
67.82318796772779,0.45169389483165606,24.090629372895993,1457,1
80.9877685198719,0.514679301198555,32.24736956416153,3939,0
78.2541634898803,0.6612220628255424,40.43023524768557,1560,0
78.13509636000639,0.5896839315865532,24.92620253407074,4085,0
83.05478807154329,0.47314693520941675,28.19268616653007,1516,1
70.21003841632759,0.41088077745847124,32.08223019050726,2953,0
76.81952971294965,0.2848184598670695,29.730475754971305,4956,1
66.89733243406543,0.42808466807575796,25.088482098113428,1528,1
73.24166352488442,0.4788869761172306,35.60928928115236,4478,1
68.69856945632316,0.4012820472848816,41.6002036100863,4574,1
70.96995964992718,0.48687430329076953,30.980657295119535,4393,1
75.95157025436913,0.5076851882958768,25.47965855132,3162,1
61.81779316766527,0.47751440181919214,22.255197374732624,3171,0
90.9238727568546,0.434999741917654,31.289879906105906,655,1
59.93982618500298,0.5168654671966728,35.51938671658129,455,0
57.85811387212268,0.5441940649569409,32.37583873247691,1663,0
81.58110873500068,0.3909600922557154,29.98798079540573,3600,1
77.91662693962935,0.641093237974627,27.053641741053468,1140,0
76.24119817052156,0.4901411867715738,24.53918183640955,2786,0
76.2834550926428,0.5018849622944848,34.173756631624414,4574,1
69.87753227153085,0.5708214423256557,34.56885810692793,4875,1
61.02745628514168,0.5233216131263502,22.271351066546334,2653,1
70.75804558193727,0.5953136633913245,37.94919489090342,1879,1
63.22838288487888,0.5287124165201824,32.870356104470005,175,0
79.7511973341775,0.43875626253595623,36.99797322572897,4426,0
68.52942618497862,0.5361503525206102,23.289361257574424,3419,1
61.745028032074885,0.38562737926793383,23.170879222922807,2449,0
66.78614158347007,0.5108559705776523,29.255153451163515,2873,0
74.12931454275625,0.49667700093555395,32.51392213447597,2362,0
64.36275447196026,0.47918831427274605,38.98180411463482,3329,1
61.77779604433569,0.4871462488561069,33.53039456907566,2216,0
72.43687211491913,0.3118150954502361,28.786593615939832,492,1
72.44966571108722,0.44512750922590383,24.86815396167054,1208,0
64.9305682462887,0.5092844901141115,36.15000286359575,4462,1
65.28961694381677,0.51598563919974,25.176472871246425,710,1
72.32049937357637,0.3972324859074042,38.14234277386161,2875,0
55.51915658502676,0.62657078408647,28.578076751967455,4098,1
55.92536225623445,0.4133825151785499,37.95291036308925,772,1
62.81555778747564,0.5969457200526737,33.394656450296395,3777,1
67.86552848288153,0.5427194361871684,29.31502255278771,130,0
73.10907565598005,0.4353772690156197,27.403018140869367,1500,1
84.75356216949552,0.6775310892609512,28.2954606132696,4171,0
78.5765962320202,0.380636316824352,32.14158346187619,716,1
68.40061470036574,0.5919154173610002,30.385782481088583,4734,1
69.80983792097311,0.6000582318042978,27.030942959656475,2886,1
59.97470635362191,0.4329379790923355,29.17184294841184,970,0
69.8148686400761,0.639246530006433,30.39288514859575,4296,1
67.11341361079862,0.4749953485401047,19.35632952792594,3704,1
73.22718560338089,0.5288693629279857,32.29084057394349,1512,0
61.727690564476774,0.526032183877122,25.101393876415965,2839,0
75.19346514241172,0.4865691258529452,24.233337983971275,1040,1
85.32738913002578,0.5810808273159782,21.56327826444645,440,1
68.91239851543142,0.5793488720552213,21.03053751066055,3008,0
74.01711722098942,0.3251468026761819,23.222762484438555,4233,1
76.90143991711112,0.6304340242878153,26.45489521184755,759,1
65.98779528114164,0.3337508011964325,39.76629568763284,2133,0
72.24092481810416,0.6032546204341658,27.37060162052398,1660,0
70.12592400781794,0.6126705136827584,30.888750531340158,3557,1
70.97676098548831,0.39090335697848017,32.00240693253164,1756,1
62.26990216144534,0.4589185712045415,30.655325931079243,3075,1
70.24510174258943,0.38942953315140644,29.612782696370033,1149,0
74.9799829124545,0.47850789697112645,24.023531182003776,553,1
84.51143607795042,0.46919657158142586,37.25463774139606,1804,1
79.59270826085206,0.577966053226934,39.03598321818943,2884,1
91.53182457511556,0.6310308746119608,21.58670652938657,918,1
62.326524371119504,0.6395683810789956,24.8798570455681,4968,0
78.72320636720679,0.44378319734216976,28.60094828811497,112,0
71.83342005738352,0.4790778126255472,25.177311025449043,4079,0
91.89802933217672,0.33165618077790493,32.52982776727933,1020,1
61.91701714644849,0.4194129933503811,26.358638987966934,2518,1
61.602781578192236,0.5964851633097458,40.825280339033014,1414,1
64.00607354555977,0.6615582823548232,35.95274297171798,3777,1
48.76104275690193,0.3765651128120078,31.062870153161075,2117,0
64.74244978319238,0.44075357408471055,35.13493131659866,1328,1
62.40867338446302,0.4973594243041073,35.52950212178654,4892,1
71.50393786476208,0.5280161158819607,27.180262559708783,2534,1
73.4175597577716,0.4190396480078354,25.918913777290175,2968,0
88.76170839215887,0.542406104446409,30.390715314848237,2615,1
79.5042383818605,0.4526160652929084,34.30818062248972,1538,1
64.23096344337597,0.4985547729121721,30.695301993267087,4264,1
61.01585328651642,0.55462842480037,22.115017589045014,3643,0
74.91919171506505,0.5006422269810937,25.985877780245787,3275,1
56.797667929793576,0.4563614109473431,29.63013568202811,1881,0
88.31458765854353,0.4890390196074169,29.62167197837085,2363,0
81.79440120721287,0.49116370407946647,39.86271088394904,2069,1
65.30824347895295,0.4629988970117872,23.07006028800501,311,0
52.868654709091224,0.47412039373328974,32.527946209179376,607,1
83.53872374165412,0.6598647170504717,37.44556554164145,431,0
68.85460154747382,0.5560919447941238,41.35724872711398,650,1
82.37816311973462,0.47045196819708396,27.978012884080194,1041,1
54.05572341205633,0.5696954404510736,32.457147263601,827,1
64.00624977046228,0.466618051024399,32.84880178599323,2962,1
70.05243699718183,0.6173124637586641,30.977408657766453,3343,0
70.46980593764742,0.5369642192198094,29.50577399380347,748,1
65.49934528520757,0.4892697855995771,32.17987694750023,2837,0
76.22849932347499,0.5447716925810278,17.338769573901573,2847,1
59.32379570617405,0.34291238479315006,33.410347450313154,1109,0
68.57620514978707,0.3873232531090195,30.630889518309836,1650,1
71.20295631711899,0.38060749936009447,28.887625516108674,903,0
75.14438834058748,0.5142943094763707,40.23431097859779,4180,1
77.11614878088889,0.6732514999485092,26.625329906047238,4409,0
58.75357908162131,0.7231300146192632,27.984620054674846,4364,1
54.65885829264378,0.5638051101440757,39.95776651102367,3501,1
82.7767682189851,0.5500844474944457,25.839693475750718,4341,1
73.32314011979592,0.3198942265847261,27.249423585317306,4711,0
62.51513463443446,0.4457326200265978,29.26487288284575,3261,1
85.51151975522524,0.42122162480917613,34.20367241064775,4648,1
71.15674634292859,0.43791524017488836,31.039012536766567,4255,1
81.79297184063826,0.48318561814152106,23.536873264238686,627,0
70.67518481410109,0.45279094223028726,27.33915718436405,3398,0
90.60747924881987,0.30207001896242125,26.963227833938944,1123,1
87.55340842443204,0.5747910256117534,29.613894773884773,3834,1
67.51035851520926,0.39272569742601937,32.129218293149144,532,1
79.71570950954356,0.523924686411115,32.09102877943986,1276,1
76.45375949585147,0.7074082669749974,21.11994122975799,500,1
83.68631557532349,0.40806154084135765,35.31970493780428,2204,0
60.35076539419896,0.246971247725367,31.262844229983116,3150,0
76.8605145999844,0.47139957781198893,36.92266023796953,2333,0
80.58424486849587,0.6100959634998571,32.22099163645336,2545,1
52.41260513576886,0.6958347454220594,35.50661478867881,4800,0
58.16741487334225,0.3770450405547583,32.33272655725064,2935,0
49.607678222398995,0.5496699223236522,36.73112878101374,2613,0
67.30593165555442,0.45346895432199463,32.611253180088895,1873,1
77.17542255795962,0.48940516456958644,29.51042376778548,1196,1
85.02357052096028,0.7644343347017035,41.36217360223441,1028,1
70.74094780419775,0.34970296716048466,34.44518561139946,2051,0
86.28615545571292,0.5253739661494573,32.868722105022066,2073,0
56.198985417851084,0.5467693171765433,23.61847791730832,1654,1
52.96617560644845,0.6085786324939347,23.55846191268231,2878,1
69.44452301103381,0.5097983153470895,31.463577410709267,4521,1
73.84065448939307,0.5308050539504102,30.727605988841205,1094,1
69.67305251905907,0.4608351432578209,26.929387174958418,712,1
49.325578999601234,0.5269126941245107,30.7049134980603,2693,0
69.10879960487212,0.46568077245025896,37.94313464021798,695,0
56.95530499495147,0.5621571889856051,33.477012372751496,941,0
76.69672548830039,0.4630389663956366,24.294957451236307,4539,1
73.66598246096848,0.5377100393902187,29.442455864285282,958,0
60.60120213672645,0.4970737186315022,25.975167595737197,544,0
64.86133082663306,0.6126050250772168,28.061500417957195,1888,1
59.40786478111048,0.49486062764115135,27.931921671851786,4417,0
69.37320902726829,0.32269675317931185,27.611772086979975,3554,0
79.55142320501238,0.6261921500713992,23.724323140133023,4052,1
60.14273953664456,0.4094267699137381,29.36172659240905,4787,1
75.04046515517844,0.434623366135118,27.19696181576345,1130,1
64.69742381627559,0.44043387059565076,15.35275654998866,1395,0
62.07127167737656,0.6374438093170818,40.26486012250832,2163,1
68.92969640045442,0.28643257860213045,35.44384827108336,1547,0
59.64757677580626,0.8137748533659994,28.11849637537502,2145,0
64.46350694652818,0.6056056809066052,30.094095248702992,4719,0
58.021221074111516,0.522323891412916,24.14172826341219,2950,1
89.6472513291639,0.4945105999383714,38.47861438905433,3924,1
70.35263551971728,0.5285554074857657,39.486443473865556,2168,1
63.00274492007414,0.5521122428379338,30.783468641232623,3861,1
72.13979910734221,0.5645215585950057,35.11765322092673,2375,1
68.8767195030917,0.5555604466003449,30.87643389466962,1908,1
67.79030400466777,0.5089580681255249,23.316372805620347,1411,0
76.14166700043425,0.4802661579692674,27.940883155181712,4155,1
77.57507710047305,0.4848726716346488,30.659639833859785,2551,1
64.69498852389472,0.4805091719647319,27.72726140628278,1189,1
64.2418175935532,0.6133770096867065,28.90673361282482,1772,0
67.24948302848355,0.5593556722280861,29.54300221245443,3775,0
46.980788352644154,0.20596113653357195,29.595607510672693,4632,0
54.84808937801448,0.5655900776529761,30.261292452487417,4454,1
83.66874267444524,0.5194736194718775,24.696974668016995,2103,1
86.44967713501283,0.49812912435541024,26.41491925436032,4298,0
67.50963960443622,0.4611481546911114,23.577078671500153,4964,1
75.76556963055766,0.6124112719986013,34.889077748431,1224,1
73.11250154543536,0.5947526462122859,19.471765290798377,1321,0
100.78880808455239,0.42271223321763907,35.767951716584626,2960,1
81.19574911434577,0.5407052287124535,36.93174698631422,2373,0
68.72082408519233,0.40283432654587137,28.48909706508689,3090,0
60.44459559399574,0.36203818352110695,16.984314560863506,2610,1
53.93553679742428,0.43732827754100345,28.193447190163546,336,1
72.03463635867223,0.5862393472382759,29.679079193555904,1244,1
62.436492547156966,0.5953125045376086,24.947008900355435,3353,0
55.77746290402326,0.5513085420097293,27.423908030958785,3882,0
63.534271157574736,0.5725095786847997,37.65097599431676,866,1
59.18451996385605,0.5516178287114959,33.324635811508706,2781,1
86.87141635072564,0.43585184047770476,25.3771794281095,2765,0
78.81639756949451,0.543192254467394,22.01200415202284,1859,1
69.92027358683383,0.5800409525227682,28.364913411951143,3591,1
84.79944138890026,0.5754291329813574,28.93271610324781,2915,1
70.77368307647619,0.6188913371474642,32.48099593681658,3613,1
61.38715798671736,0.5708303847201064,27.323416437161704,595,0
85.23124077269657,0.5351448207541583,32.55749787680931,3280,0
75.38910043684659,0.6070150238316427,39.675770200301145,4030,1
59.62753845673544,0.497347874075094,34.07750511222131,2172,0
68.09661321916391,0.41181253487722824,29.759557463346137,437,1
61.24381746615243,0.4836933036056236,29.084247644733527,4049,1
56.172002690356635,0.4255097355193551,28.216634329100643,3208,1
79.26177547531641,0.4324821725025618,35.903204562260726,1917,0
89.0941664047013,0.48554813292844823,26.863432770243485,236,1
56.01432426180859,0.42075800790000384,30.22611354499991,2655,0
75.62969236690572,0.46920384703609597,30.255989509405428,4515,1
63.49357430878173,0.31063853330462143,27.49107903594234,1015,1
65.12874616235304,0.5213293707372939,23.137672260579496,3638,1
64.07606075761132,0.5001205475362224,31.61487251808834,2200,0
61.36009230320184,0.4182911368931809,29.694980140723082,3007,1
70.48521627944827,0.5659245668432406,32.50120234718285,3014,0
61.69049883588962,0.5937570137626559,27.331998467804166,2082,1
72.70456825779839,0.3392440135631026,36.10410649406524,3970,1
69.49761890550863,0.42372752214337855,25.616131093940776,4628,1
67.6105195313359,0.42308576502127015,38.56020142008946,3667,1
60.92436337958402,0.4060096898891135,21.261817450858693,1098,1
64.23228669431667,0.5829474841931749,32.17385032278445,2247,1
77.55391225825755,0.48061738612271965,32.37715341263312,4794,0
75.00917187624381,0.4735485158689389,26.02221466029559,495,0
60.22444755201449,0.2996137635593247,32.12196968930506,3698,1
70.99332305429226,0.5635418030209226,36.3975933488008,4610,1
77.5138712337179,0.37607416051465276,18.915905803229677,1038,1
53.305947188786284,0.5059932630266328,32.513724037454075,1736,1
75.43360192379934,0.5277376937958191,17.53364589834961,2824,1
63.37376241054153,0.6360658595838651,25.17167598238396,2610,0
75.70598668593159,0.3691179600880888,38.145831824504725,4736,1
62.367408434574834,0.19804878441791746,27.09108983303973,1749,1
51.95117899335481,0.5183849544753695,24.130600177955138,3790,1
53.72457562116837,0.6800511181510853,29.010311355076592,3535,1
70.48084946661382,0.6238946352939437,40.339531690817765,3301,0
72.59722501721483,0.5209659415274626,20.84158876396987,4279,1
60.956833748955916,0.4508363814367953,24.743450441803276,4466,1
76.38592458777374,0.5807122596637311,37.48715841589813,2391,0
53.3847993773104,0.40264538002955313,39.288511717688664,4583,1
69.33920201352683,0.5476357769356219,29.48284387854858,313,0
57.889838002375434,0.5505470159166627,23.80473648736679,3337,0
63.48163892197841,0.606020990749888,40.479217509045796,3962,1
70.47398671316414,0.7759660038911078,37.97221195874599,158,0
61.39586634716048,0.5392415967178767,33.39473493881116,3030,1
66.15444455770175,0.44910363742925014,25.9379882553129,3071,0
80.0629280921444,0.49744256878080056,29.754853295809816,1627,1
64.23108130476851,0.3230924095110882,29.198199594775847,222,1
78.35692112065142,0.4305286868910942,31.65425652307789,3819,0
58.702931453423815,0.4590717561886896,37.255007190656684,1536,0
75.29804177915283,0.4475911602065408,34.39708520568701,1262,0
84.41568620657901,0.5152354872033722,24.613119615076208,3400,1
45.283554998727105,0.41775800676177993,36.88248225009769,3445,0
62.03104744529523,0.6121030667324472,31.565660700065777,2586,1
75.7707212718054,0.5000207064918197,33.43532897929458,661,1
67.96954613957007,0.49906996788613855,37.33270429639302,4081,1
73.71145873371309,0.46721052834870824,24.442098752432244,1837,1
63.960148132841795,0.5155190683858979,29.820872106467686,1004,0
70.865897874729,0.5825098264667634,27.342727243203925,3654,1
68.44322764607921,0.41328697842890993,22.16070287317272,4590,1
81.67782061659807,0.43418835109247433,31.733549888024598,1826,1
72.54420843301213,0.46962739712233353,42.55778275792212,3023,0
73.37602662075201,0.36541290765267853,20.799611277471236,3631,0
65.88123033877532,0.4180742140278502,29.83859694475265,4006,0
65.12393775927507,0.45237791264553406,33.20271467537387,1034,1
65.6744181218038,0.5874389180712728,30.615391008280906,174,0
73.94452142378297,0.5262561329001925,29.434359737421296,394,1
65.79015519179737,0.5193589911367544,23.503918182770878,120,0
72.89774856896413,0.5850897962167972,31.163933714700818,3342,1
90.75400798645438,0.4862628211600603,26.21618011492037,1138,1
78.71124703431693,0.539046484992889,19.050391475107233,4755,1
66.73976467832159,0.48967782470675036,35.972961102568654,1209,0
82.01213922163944,0.5265362349399628,34.791929099210215,3871,1
65.91924626978448,0.44172413423884177,30.2583048842554,471,0
49.61875464822146,0.25611828417235705,31.145373441028514,1274,0
59.91913689082596,0.48657208378136957,35.371590063577806,1264,1
51.29208078974145,0.642274813609994,31.121698283890414,1192,1
66.48486515958692,0.5926215402241592,34.52008777380657,1383,1
70.18418379189552,0.5965397484591171,28.51258899563075,2111,1
86.76437312275283,0.6236130721806218,36.55991869286973,945,1
73.26927373764163,0.5088657590961437,31.603928629663418,2091,0
67.80899471191135,0.5197315707405595,30.97025971802937,620,1
78.2940558118349,0.438234810456565,23.64969455643984,4566,0
47.88864690992115,0.468392714397295,31.434779271508543,4296,0
72.35614558108566,0.5615771149771142,25.840225412527744,4856,0
77.70865193886966,0.6203884437168816,26.808586367357528,342,1
55.214137542201584,0.48605537243190006,25.923121858419393,2900,1
81.43754043206928,0.45498107351485884,24.668825340503876,4707,1
73.38496407494414,0.5000527958856598,40.62385701508481,2996,0
65.84712086099199,0.5601206748929115,36.656695309942016,2702,0
76.32781866106285,0.3556145183866458,39.60183751072131,2373,1
92.70692857804396,0.2703819046862762,23.88552490222218,1641,1
71.81866255058495,0.44494631505084165,30.356268749554463,2865,0
72.48220586300336,0.3779287574085841,23.53246187397952,2214,1
65.40639100459757,0.4491859802352689,26.52152561401468,4591,0
61.50155630535208,0.48522196811825286,25.409365082917127,4807,0
78.30335816544246,0.4546751590976987,36.197920032207804,3183,0
61.43916174091133,0.6452467534470745,28.0188516094912,1957,1
70.71566237219392,0.532674476460232,35.341896668470085,869,1
65.22342553234883,0.5300474359610828,33.02060444794259,1522,0
74.78979825746391,0.5622207144043402,41.51819376052394,506,0
73.33662105286949,0.3861166882219231,22.60277888430138,3072,1
80.375399442579,0.6039111787420268,36.296166198933996,1972,1
64.89983601145254,0.49242357134645404,35.732204352003635,2794,0
67.30125064706628,0.5670480617241213,25.133105809864826,2369,0
60.21236284217693,0.39281427669598445,35.0356666823658,4849,0
65.55706739923889,0.34462412339839354,31.680724815131143,1281,0
73.77300493044852,0.5817889658025028,28.86261870023296,1539,1
77.56988616645351,0.5376409526097516,25.880322565140002,3153,1
60.77834675822375,0.409794844564249,26.40445274275407,3433,0
78.6960592010566,0.4130336918725306,40.24906047892963,2997,0
83.55637858804951,0.6125434784414769,30.003414094787413,3003,1
74.13434903223701,0.3810588107132672,33.910650007657296,328,1
88.76795812558066,0.6642672953255964,26.045503091662233,4059,0
62.26210800896427,0.4099379265352131,26.100735268891807,1993,1
57.55345296688583,0.5638391925608383,35.409924046249714,1413,1
52.212797510957216,0.46713815242510154,23.25211894224234,1170,0
84.96044311489183,0.5603187431082343,27.923931160473643,1074,1
76.54365656354058,0.44558859978858073,30.17013705536116,1838,0
69.44415329089544,0.48372070939277056,30.556863009200264,3385,1
72.7996862631982,0.5040919175395722,29.10453357491922,857,0
58.74510952701623,0.39978125442185275,31.979098905479617,3195,0
94.45751979616827,0.5740824345420126,33.46427877908906,420,1
71.29221181975228,0.44867864335284147,33.67318772729665,2421,0
71.09394794604893,0.47714000846599813,25.07098095666087,655,1
77.25766623898691,0.40056506253914875,28.579224510356013,1486,1
74.81009231736714,0.24376663412046895,35.973814309384686,4863,1
72.23884024279131,0.4808972237399831,34.47323593786936,3147,1
62.09525544554688,0.7412615421612916,23.13570274259468,2527,1
74.71468357135996,0.5784604287898024,31.757399501761007,2104,0
88.82024496475034,0.4980739620265605,20.10887375312595,2030,0
83.45420046154977,0.47371091707917323,30.234674510301847,4941,0
85.93186626639397,0.5022465892812047,39.48883508372988,4870,1
64.88784323568815,0.554711911517521,25.260536413655068,2263,1
60.10395179741419,0.3819187184691155,25.82838477254209,3967,1
68.74213079900352,0.6114321694668872,33.8201489078643,2526,1
70.55724912288694,0.5715381315441244,22.285992423951768,3893,1
80.94191518470949,0.5718185725707935,26.836224850574805,2613,1
53.07535370285181,0.5438475738809727,32.98220568790876,3903,0
85.29550319460614,0.501961665769399,26.828570761552985,2427,1
68.4199210142101,0.567286123596682,28.820150063945142,717,1
65.7311893005258,0.5591814133741378,33.72092855157517,2265,0
59.87895624739832,0.4645959289058976,32.10773041768281,3408,1
53.451433281342304,0.4426398227103099,31.33409198147701,1092,0
78.23170583961914,0.5101856295261986,28.304388603649805,1477,0
70.73317967188405,0.6549020151495187,31.850305576344777,4481,0
57.10039100258946,0.3760892924346099,29.381336599501218,3274,0
57.04921227936384,0.353247473424756,32.289028049628925,4882,0
66.64215300709871,0.5164760841236516,27.51533987441011,1405,1
86.69021525289392,0.5050887701856018,29.087155128102296,4933,1
67.40408648636395,0.5173341664370408,25.05021103723993,3178,1
54.96857046881894,0.5243953197908501,29.82496194996882,2786,1
67.54256935914056,0.4776797745365195,25.944995681855776,3083,1
67.2727643025233,0.6489863438602083,24.429767749190034,2623,1
43.03113357058429,0.33990960215234844,31.293305739276942,3682,0
69.45705133482188,0.4171502975219754,31.063698879288303,1585,0
67.69065469791322,0.48967452398509526,33.91436867474286,2200,0
76.96206364813418,0.3356811188845833,27.844372152124507,4681,1
88.48956094945345,0.4824145595567929,32.04026423418378,3815,0
81.26565029547757,0.6661470165728018,32.753987861368316,2101,1
67.3111130944517,0.5020886488295961,32.223869039157975,1487,0
58.934740912583294,0.5230700905718684,25.871731585989288,3283,0
95.7335980324986,0.373983523482742,30.746817411355945,1130,1
70.59218434014488,0.43836385919605225,31.820701480273307,1865,0
70.13929291912946,0.4624803619676063,30.03589233453971,4863,1
69.75874912889996,0.4682284903243766,19.567611708144575,1320,1
71.98084760767856,0.6281643795003768,30.8024481198674,3906,1
68.55639588076058,0.5557691060725125,41.06265519698621,2514,1
64.26337993119763,0.3888542043062968,28.199803656215085,4445,0
64.53141058759608,0.5246504778432005,26.359614510723393,1718,1
69.67246729784002,0.5498221748496785,31.86674279855699,1363,1
64.56575228866235,0.6140149038521266,31.561891052332857,971,0
62.871542173228356,0.6580540686568374,35.96367582708207,934,0
71.06430227691897,0.3984905808172131,23.71065922045556,2922,0
67.45022782579144,0.41891424887896617,33.65690126287496,1018,0
85.0399298858269,0.37424221410853836,32.95211030625732,1824,0
43.49030191606988,0.47659801408930186,29.28926731529727,2513,0
80.91506851922462,0.5466358374446334,31.69343658960845,1413,1
82.4608519249763,0.5987334516589102,35.14728740799178,4598,1
49.2660976759185,0.49240489763574774,34.36157690014225,2205,0
66.57312405919652,0.46801524767451563,24.284903439631357,2668,0
66.28559134004209,0.515175799224874,34.100790933777425,1238,1
55.924883052821784,0.4164857098369977,29.676556974837407,309,0
62.22183312409125,0.7089538721694774,30.364370490077576,1164,1
58.894241545341714,0.3392338972881941,30.36598495500847,2320,1
87.52270443423623,0.5184740578895725,29.2487850560087,333,1
79.35678393147461,0.7023606219229639,35.958537485535324,892,0
82.71555094994159,0.5006799844559998,29.58141020075394,3210,0
77.21672064043236,0.48099609649985053,24.402269358084155,2266,0
58.70948228782771,0.46425545771895727,28.032350720151356,434,1
64.75479733720226,0.4819608318237592,30.893473584052376,1459,0
74.89374561227918,0.637284847467653,36.146073921485254,1314,1
57.778721911080545,0.2788138088670493,33.015473424744165,4519,1
77.12998430172388,0.6533433701296325,25.74732360626478,383,0
67.59674601841866,0.3576042847549855,42.425949583394456,312,1
66.25179192450402,0.4733347670765585,31.3238765548899,1758,0
77.10959968203491,0.45707555797013383,36.37695368999508,4178,1
74.4426331148604,0.558855326977072,29.241427832113853,4947,1
66.3903383418092,0.34018756481162526,32.66679622352725,1517,0
81.59329803364248,0.5462172666081943,34.197342522592024,2486,1
59.189366724001026,0.7024309623286853,36.09097355877128,1894,0
76.15935606944264,0.3636825995407189,35.28684152689112,204,1
75.93101257968384,0.5189706167610396,34.36098500036489,4965,0
66.9045356068601,0.4338017822203391,28.424566344029458,3993,1
73.26133022242118,0.5425887206193036,27.14126979021969,3945,1
57.488864236146966,0.5019147777415752,31.663037551620988,3790,1
79.240270192069,0.435851309095569,34.66564036170534,3392,1
68.15097863557011,0.5487872284871074,28.886396496116966,478,0
64.7727697948096,0.6804348109786743,35.325859828571936,3393,1
80.49009225836889,0.4809096208272701,37.263083727430896,3429,1
62.95656309457241,0.5719757942148181,25.418395404632903,4908,1
55.91538703636441,0.3706727042128836,25.815396481018603,3538,1
54.433708264760966,0.4043563623181991,29.298124705473317,324,0
76.0600995134564,0.5472406277880377,31.538063340945982,837,0
57.19570647503717,0.6484116028535964,27.377164931164746,335,1
87.54794181984364,0.5355613348785659,36.76101339433572,4378,0
49.18070592116278,0.46869419694768455,32.12033430759226,811,0
86.96456368290038,0.4999291405423354,30.197235241203696,1988,1
72.11017467202619,0.3749592266030283,22.82045238065736,4818,0
69.03286888129608,0.5604515326355367,23.420920917862464,1359,1
64.5508091319105,0.5882333062323409,31.405046251409033,848,0
73.9913611435207,0.45479096671669195,19.33702186922582,4086,0
69.62365297575151,0.4529957852240498,35.06318704822036,3651,1
81.03301882016521,0.5265878229652049,29.209230778138398,609,0
71.1422764866204,0.45632802639594044,46.215464847973664,1923,0
71.50301761461877,0.49338673853741777,41.539581253080556,4980,1
66.36387787786144,0.7099721789166515,29.092754653762416,3041,1
69.43054376278933,0.47529742992540036,29.468314987343426,4332,1
73.0780176889206,0.4641659847978778,34.977907570010146,2234,0
52.89831607343375,0.4352458194364841,38.51586304959019,1877,0
56.518145778942866,0.5744191971499937,21.809854712819917,1322,1
77.43264094022715,0.4818775826781897,21.06812267322657,3767,1
71.70865438127942,0.4350626961678574,26.889825972228092,1877,0
68.1601666364732,0.6321304032273012,32.913687915869325,1404,1
70.18433933065393,0.6419603004513638,32.48436795253799,4959,1
73.47581705361671,0.4399576434261295,35.348857274919254,801,1
64.60240319690638,0.3133460048639384,24.001512358173457,3089,1
62.216952745976876,0.6007513689836922,18.419280685155616,251,1
71.95845255097682,0.4315370174239996,34.29007097651073,1425,1
60.21627222384968,0.5790625599162769,25.859018635173825,1401,1
74.08252755714472,0.3029896182288164,19.90756067805681,3822,0
52.9741639576216,0.5892597338299309,30.725318729796907,1811,0
80.29155637325644,0.3788828070719219,33.96587844109339,906,1
74.72597482413043,0.5730764119066525,29.389714339393613,4430,1
72.56029734313876,0.5014273067836434,27.710758069087554,2822,0
79.82690983945514,0.4046060580603355,29.203188839270467,4756,1
86.65474444462576,0.45929636870732193,28.147086187996084,1425,1
80.1437006501813,0.56863184569567,23.259764440299165,4233,1
51.59125768668355,0.5105894453115234,26.426596615047842,1259,0
57.204230332642986,0.5584412980472484,32.60639952506907,2969,0
63.75181422304321,0.6976440584515485,31.6083927068825,4616,0
70.26091050210833,0.34357583882889486,30.8402990298341,1342,0
75.17659020469122,0.6617212574968624,25.024257590733104,447,0
62.742561868465344,0.5104355937523213,29.092484189321663,1931,0
71.86766764477078,0.4101215951676872,19.114674767785726,1669,0
62.44617067646678,0.366968637426101,30.892383319426948,4035,1
63.884821970080516,0.48108796092229666,37.14428853906784,2018,0
55.93338903151778,0.5921650111924459,22.62933933978947,3332,0
60.76766753889096,0.4872450879622466,27.070361633411224,3858,0
56.48315394383666,0.6511154930247347,31.64553389355065,2455,1
60.241267470226674,0.35488243099484407,36.26421317213742,1497,1
80.5364179660784,0.49879110521539455,27.758876918499254,2880,0
60.50601111168057,0.3747606555586881,26.538748353670517,1924,0
96.32382064837391,0.5363631882624967,20.155384287919585,2591,0
74.93317900880889,0.5886887390097301,30.51719064654053,4160,1
71.84836123694873,0.4579238206318947,40.21038020071872,504,0
61.41642219818787,0.23957861433728656,31.38679230982338,1821,0
77.00309879408991,0.5198948146796495,29.888605104081435,2925,0
64.24362173762226,0.543673855173351,31.61041155383493,3945,1
71.22009814645361,0.5404294754961698,29.94453998025699,4310,1
95.60084538268795,0.6235782191822155,25.93492813869935,3292,1
69.03940100275351,0.3928946320350951,34.116399578388524,164,0
81.49273326285676,0.568021610545045,31.12880761555877,1399,0
62.96823574874112,0.6192507512477975,30.088066259668288,1515,1
69.65011509503039,0.3221412415993483,25.12316986360875,3693,1
87.7080063563551,0.5319651825918977,36.517539659673794,1068,0
63.730329422122324,0.44958201689923283,33.32351372666555,468,0
88.12448557996929,0.4918477326898354,27.23539581316349,332,1
77.07751935455475,0.5347676483538336,35.009124268409685,2342,1
64.37533224105732,0.4512771435886448,27.512145808073964,3183,1
76.3240773905552,0.4324291920838388,26.089982537444815,1020,0
79.7255444962673,0.5034152417488025,26.201484412598564,788,0
76.21809962217196,0.39127540611371975,21.144657234559546,4372,1
54.297752801095434,0.39141748711148144,32.357711902091026,1569,1
62.728628241751316,0.5679373282956504,20.84427560830825,4825,0
67.52481364448495,0.3851205964841344,23.857780843671186,4359,1
69.25566570899954,0.5666312500909212,19.622059954607334,3722,0
76.20672097550678,0.5462591292853951,29.569651536045534,2200,1
71.77701000933254,0.32741932712094035,29.24839769864064,2365,0
56.64655641289899,0.4322435347664345,28.36651893406818,3889,0
73.80197851005963,0.6194109403047372,24.787111526647116,923,0
76.10585745283824,0.40188344688603184,24.1388312328168,3531,1
75.5979044793104,0.45355957376906125,32.32184931773287,4251,0
80.80780725554622,0.5462060893251897,27.247240341457562,4313,1
78.33922154548904,0.5783390509282595,31.581791607680724,897,1
74.59180079228437,0.47484611139555044,25.573756569378887,879,0
69.29834288541353,0.44024898053083583,30.905313713855413,2950,0
53.39039066484008,0.6422369861698508,36.51639018658032,2992,0
74.29618219132585,0.673889966379758,32.930829001963914,1993,1
72.07687687163111,0.5978858050781796,27.937930908917597,3406,1
72.71578837195374,0.5085318142565024,31.285994851779638,3002,1
57.232514241796906,0.4191734278359074,28.796674127348936,4903,0
59.189434595917376,0.4169555593443435,30.03940092347364,3818,0
80.53152853332904,0.5522514105265758,28.371944739257483,121,1
69.60444846143345,0.5418398220888684,29.178323970573043,1600,0
76.81500697372624,0.6401598592946429,31.060466765370876,942,1
70.28318376130461,0.5650450092536139,25.033206502090245,1860,1
70.29756139495746,0.3496919698240182,24.920605865050106,3741,1
79.38283805975998,0.6051947617722919,23.057287230843944,291,1
64.83955271782627,0.4001939372685587,21.99864447748145,495,1
70.96120776940984,0.46160287280476486,23.913586538897604,4762,0
65.37724711294958,0.5250200206251694,30.797312534020644,4426,1
65.65503772567685,0.6995667489783964,25.53606242254058,973,0
66.90827876531361,0.8109918556005361,32.56807232115548,2721,1
72.22133771633713,0.5606723059136183,30.17356874376281,4435,0
65.21251378336522,0.48168033812796124,20.15747893280973,189,0
82.55756125573521,0.553450564848055,33.27487792110845,2379,0
61.05392697780496,0.5887655425873837,34.05399322795855,556,1
68.13128355838641,0.46793323744428084,25.030686625825734,2380,0
65.60268941725825,0.6795211355912323,32.10095771447496,4549,0
84.46977884353733,0.5230070759191402,25.717508812954005,1104,1
71.96554776511574,0.5497743089091395,30.48835188374168,4634,1
80.31844539468635,0.5665924252054462,23.67750796522517,444,1
55.14439626963028,0.5421586610614456,21.034467737327116,2811,0
72.67050265869258,0.5838940500469613,28.085914051935156,4852,1
78.89630795623437,0.43827468134530767,29.381355268625818,2562,1
70.82283989275425,0.44416982460539695,28.01160153192698,1216,1
80.65480375065351,0.3899845767028305,24.0798472088872,725,1
64.82711549899628,0.5439501230620226,28.000504689344314,4479,0
84.0934744018558,0.5778936503512114,31.34647376290367,2079,1
92.9889812361925,0.5457772866151885,29.775534849387316,4094,1
66.37161439560342,0.6674492433347538,30.91250515299607,1778,0
65.54497478599228,0.49944039811709534,26.649423997728835,322,1
84.533844771177,0.5668741655592513,35.8585895735808,843,0
85.79572145730712,0.39082991238606857,24.119133317226098,562,1
64.77139972846732,0.4612900297525599,32.437801485433596,1668,0
65.79813182904142,0.5695537757565777,35.909455464799805,3447,1
67.18215391139493,0.5849102110743144,32.404540463744475,1836,0
56.555494889657226,0.4706033052335818,28.98737886467585,4139,1
60.81348053515802,0.49284007481419334,27.358514766685104,4051,1
59.95859233247932,0.34821262533191905,35.18043825523128,764,0
62.32202434895871,0.46429707991933905,22.885125373691636,1456,1
69.65315112613219,0.5890383163519786,25.14937869810178,1114,0
72.3421473253652,0.5575205016106566,28.01221117254139,2232,1
85.50500492814076,0.5500665721381209,36.18826878755999,2768,1
60.016459592612094,0.504977368718096,31.89883818020448,1154,1
79.84322398476584,0.5007063158628177,25.159771207448774,1864,0
67.86011155774491,0.4339678860526553,28.448461473075483,4558,1
69.50536290347567,0.5698828420202535,26.92838427951853,2969,1
76.74819492166604,0.542097294438939,26.451055038832326,1512,1
58.772779784377015,0.5492018847992799,34.89444779278389,767,0
73.82409746184051,0.44739651573324196,23.141284353682472,3470,1
71.66452208213056,0.28466570801287555,38.04390427867187,1494,0
74.92451264008149,0.6097152711753696,34.14114845092311,198,0
72.89168643907819,0.4521162543991596,35.45430835301849,4170,1
94.55300139910895,0.41372242359568795,27.68530243987371,521,1
63.62260015748684,0.5693478911913994,29.250296404604452,3750,1
64.69003044998182,0.460798736008087,22.83424092737644,4257,1
63.76859473575236,0.6059936384046622,27.376687964665983,1232,0
64.44522880839746,0.5617005949576698,32.468274238215756,1802,0
63.62612872693482,0.5683569323200478,36.48031530890698,3720,0
81.89016531107552,0.36340442887994656,24.464215915987744,3290,1
84.20504247989855,0.6211943985386401,28.17247031507367,697,1
64.29253706250523,0.5261250531233856,29.24350389883739,491,1
61.67644426895771,0.4630722860753797,23.021053989037576,1175,0
74.71415556386404,0.5143388467342251,32.956746208792,2750,1
64.47776955719029,0.322376476710168,26.380048341286955,2484,0
76.32931817755511,0.5408652811480671,29.02304824411488,909,1
72.029230208513,0.39706284918179285,27.74025314044061,3409,1
54.84255885002768,0.36473297141564653,26.053307471401627,3838,1
85.47505201330061,0.3477640813782109,29.964775072597227,1259,1
87.95877673095522,0.6112688374989925,28.92195210715989,1631,1
63.87211309515614,0.4370736606307211,28.140710588606673,2782,0
66.12298440064016,0.6533727709916499,26.357691891598286,353,0
72.85865390724905,0.4464198536947702,31.597623353914777,3648,1
73.34456789987026,0.32926420424070535,38.26808634246142,3285,1
76.5854427267283,0.3883475560051341,30.699436164195635,1331,1
90.1020453876635,0.6235811620006939,34.98059107455565,2523,0
68.2305277250595,0.48441018220633325,23.048890374232688,3675,1
62.01702755461546,0.4451712703509399,30.78880719646885,4361,0
56.20680771985473,0.5160018225852787,24.513158405144665,1673,0
62.69069960058081,0.5501782736167545,22.615375362340494,3008,1
69.66873027126204,0.6117398815902461,26.30314296270482,4812,0
87.94557863517788,0.6448499229892927,35.959496672067864,1725,1
64.82388700963828,0.4640231354210914,34.75007914334823,4098,0
72.23787951638899,0.3673952313917962,31.215023610272,3983,0
69.83577103927247,0.4586534838876724,22.336497200550347,3615,1
81.88393273448084,0.5260280506582886,29.018596743060314,3503,1
95.26932425873622,0.4036241073789389,31.50850004450868,4698,1
64.6913122707968,0.4042849085104957,30.87768114789299,4780,0
65.10560557481777,0.5343787881549885,20.78103208259627,2058,1
80.44160877069072,0.4951347648429549,25.54841075990064,4109,0
76.81891489626311,0.5032796995411587,29.679611179256415,2835,1
88.46707325736034,0.42415046652999305,32.68145454758595,4591,1
75.83928185325964,0.47695992857942326,19.019360894500267,3274,1
66.40707909212941,0.40757668557316956,29.189380122600706,501,1
75.9065483069231,0.5890198411124787,30.71524384939476,1074,1
81.08703580582907,0.6035249334723752,34.248059942581065,323,0
78.20482181197364,0.3153812137761906,33.464287921187186,4713,1
75.07274031107298,0.407048913980759,32.91285659404403,335,1
80.66674689589154,0.3503470744909921,26.00029746649033,3598,1
81.69295590445672,0.4349976065593102,20.459989314383463,4311,0
83.82158991037527,0.4916562030209639,28.034736214692995,3334,0
76.48709887589642,0.355035478030147,35.0081591260428,325,1
68.32881919683146,0.4078140186874687,36.96727263762216,2377,1
71.46713686433323,0.39960426279185013,33.55274551148893,4377,1
82.06508966508358,0.5207267329398944,32.14670411400867,1441,1
61.83064329012764,0.506934433703625,31.898198241929826,4136,1
73.68673308872901,0.42782624466627467,27.219406266196096,309,1
66.0666118767264,0.5176820872139398,29.3496985322319,3827,1
70.28744822934817,0.44533199154127345,38.34534762913165,4028,1
82.78451862607298,0.47283448896739466,25.287209971040618,2903,1
71.91099068019903,0.6673452090298537,38.07389395354926,1209,0
70.46436548156149,0.6340461051790348,28.38985922753971,2126,0
56.40143859020081,0.3700418763072402,36.62716054547539,493,0
77.46253566027221,0.5829732417879174,22.96592495251231,943,1
76.45484181141076,0.5811396554491592,32.92952100582325,1624,1
91.6325472330546,0.38517367112473816,26.31614932026189,703,1
66.92221765046999,0.5818777643754861,22.923664040379062,681,0
72.1915032766394,0.6537931918412553,31.092670212054728,2039,1
72.49383683710755,0.3877455193755586,35.04735894297984,232,0
85.77453279763475,0.4082497178985736,25.775292807032518,2938,0
69.04704467613048,0.6017661466843502,22.504920197707996,3485,1
72.7902152577034,0.5271495310825648,29.540776178325224,3870,1
76.0789650971654,0.5551476275239523,29.562823356114095,2368,1
71.86609123156359,0.5340589216400496,32.74159813777249,1075,1
65.53566385449471,0.5390695920928145,34.74797285682244,1913,1
71.94089992898307,0.3673527871688917,29.70292409363753,3363,1
80.73631749859771,0.6047317706621449,39.27751657397131,1643,0
59.7348470058894,0.6169589992427773,31.12117372267646,2935,1
71.32969674146877,0.47706092559319724,28.267867469965502,2838,1
62.99879185060827,0.49565230501861374,21.94216320448586,1457,0
81.95046628924842,0.3468892497444278,28.68670239841916,4234,0
54.76813095216225,0.5514254756017835,28.31806527294432,1416,1
64.41078152728412,0.5572057441714144,34.80152398140735,261,0
73.7721187506452,0.4937808983000689,32.31241812033427,2009,0
85.65524029234341,0.6124353359870502,24.103154391836913,1227,1
69.34249738927012,0.46659227690200594,30.86127193205519,3970,1
64.44800473306802,0.55646059258936,33.357655858645266,1758,1
88.8115706944059,0.39803356613078844,37.640156796939166,3225,0
55.51986099583756,0.4976447849125762,34.4375198370703,2063,0
48.01194043379918,0.48256457420971643,33.804233271557386,2389,0
74.40014450053333,0.5225307922040942,30.30042997307582,1066,1
64.97945775647389,0.46304730711666414,31.941560027117248,989,1
59.787671828692865,0.4868527404328332,36.24752450353079,3161,1
77.08356447299353,0.5826047171441506,23.33611301260175,3729,1
72.43800713771199,0.45632357627617826,28.25280336391522,3289,0
64.35921369263272,0.339342289926132,26.137156256218795,2848,0
57.19695601329106,0.6749583904205421,31.89576559363062,1766,1
78.72457328280144,0.6381454078690487,36.15111087825394,3166,1
76.50201177958661,0.3707737304894381,27.01512856639463,1541,1
69.00824136220618,0.5689707805245194,18.04847816265281,1167,1
88.46636996047665,0.4497025229448657,27.93889627487765,4323,1
59.29915233673847,0.526348721533106,34.567368660087034,3023,1
54.74474829075261,0.5294224129013494,32.6881495147494,4353,1
63.080919301187556,0.4765592199683678,32.14093123905288,3956,1
69.54413983644503,0.42162343344136033,28.600033490627602,926,1
72.43339449322691,0.4309458947683741,23.604846318901068,4707,1
67.5876394214367,0.40838080845187574,32.57647160812234,4085,0
73.52055396514297,0.4168177791769555,25.828590949826875,2192,1
57.48460575809556,0.4932821709950645,40.920483666902285,3279,0
84.4376460407326,0.4284240010889248,32.85253604177258,4638,1
69.17848821607431,0.568205206571262,27.096758487230247,4001,1
81.17295831588127,0.6487246155335927,26.94307376305686,2462,1
73.42725346377703,0.4419946758629957,29.535278966932058,2324,1
74.56753219153784,0.5239404500535377,28.80249038989125,1826,0
75.69767280232205,0.5499685110302934,35.58416887764977,2106,1
74.47708560017315,0.5472002270919274,30.932080848720233,366,0
76.42722759867544,0.5075955267916087,26.341841305457358,937,0
83.29152530132431,0.5742682418359722,39.45220342577891,4684,1
71.9652116970147,0.5482248952680657,30.246541657601114,4897,1
77.09003757588512,0.3762337577672702,33.844198379844485,786,0
69.10264305712774,0.5869156064389274,26.958867462776205,3461,1
84.40117215449473,0.5887290837266742,31.815578138722618,456,1
63.2360769794073,0.42367138958214184,31.555549955715975,3915,1
88.00940432910815,0.5037937835447602,20.551753539519236,971,1
69.59842049355656,0.568332899281107,40.076375552303205,2073,1
55.69224897881952,0.47906861804206385,36.45322230461274,4747,0
71.2810441491079,0.6072978047766012,28.01402341927006,1910,0
63.18948342525119,0.7363872494619361,24.488651297720722,4518,1
78.40643548988724,0.4214013967365018,31.73780806901776,2741,0
63.47376020697609,0.3618955396846225,30.433488497071984,2328,1
65.5381656678522,0.5303818595604876,31.778344742816145,3491,1
51.10459269054469,0.5721562505126143,30.957886980970446,4278,1
65.47693680750923,0.4769133626155231,32.53120494652963,2450,1
45.76120673371044,0.6453260663321034,37.23652849695903,4457,1
54.16097176514277,0.3661394200276751,32.84051602564323,4979,0
77.60414656144297,0.5692918623031611,24.751722505450296,2839,0
77.85800158650832,0.43941391792411066,36.81281426356226,2830,1
74.25457561784965,0.6719377906207297,38.20307281744144,1418,1
60.33023856870787,0.6992515353168118,45.760283672560426,1635,0
69.5228864385802,0.4233343412216652,24.38252983380201,4884,0
69.96397460909432,0.44504428640914195,31.214410065751373,2543,1
58.416353108074574,0.5859587886979802,19.589506484055065,1872,1
85.0339830176715,0.46128693502104856,32.765745781896044,3309,0
78.77362290575671,0.4954588782067762,27.258998509166137,977,0
67.79035826170336,0.502538842054241,39.617228974124764,2970,1
70.26885838994531,0.30803268438023435,26.12692514990709,3300,1
72.08382807947552,0.49861622539057626,21.554084810163694,4244,0
49.58265131575709,0.4310272225935826,27.6436812964874,3847,1
67.52822617479403,0.4506877177600228,20.12256114391431,2936,0
63.180157520022014,0.6443632003468814,33.75549727253655,392,1
59.983799901050844,0.3743493105720743,19.674584768718397,1751,0
67.18899707114045,0.5813205186747977,30.142287905915794,4731,1
87.97686526849523,0.47210370696681914,19.610940900719015,4506,1
76.4084286126701,0.47202398315041655,28.39851097731679,636,0
64.28821010217203,0.5790371896051711,38.21689077902267,2786,1
75.72582781356158,0.534005129456889,31.803239457178975,333,1
83.99355436586002,0.5570612997219531,25.68253197517533,2752,1
79.24633682912769,0.5968184660532861,29.84398255530458,2474,1
70.59630369920174,0.4668691616816677,30.09008436022223,2372,1
63.53063222294426,0.43877632654922494,32.36315172921703,1066,0
76.9822331361359,0.3914849473442202,23.165708183595868,989,1
73.9348538542175,0.4174589470021045,32.962836369236655,3963,1
78.95193220027733,0.7949094425308725,16.478041841986126,3500,1
76.35171801681969,0.6244679580736787,26.850577238180946,134,0
80.49552715319335,0.36489256337919784,27.558630787742278,4642,0
64.64764788439432,0.367754204325643,33.166634130356194,3623,1
83.17394065634326,0.5481866061718491,30.113154263384345,1863,1
71.975996046924,0.5547264797377967,22.972184730718567,3391,0
90.75260872625265,0.5548883835317364,25.075034370914924,2588,1
63.10812181910432,0.4745044206446302,30.993400047737033,2800,0
87.3596380316525,0.48745457399971,29.60466329067722,1658,0
71.97910783462648,0.5327879524159358,27.104379451821266,4790,0
63.48581996385552,0.508589300629333,27.595831052440104,2376,1
65.16114165945679,0.2780699627252465,33.48083998579644,4106,0
66.7965269180568,0.47702003694248063,27.411537135653926,4539,0
74.24165946401916,0.41485935657396866,29.559543779854632,1203,0
75.228354880355,0.5175211418908512,40.849682940402715,1519,1
64.26299996061421,0.7985259002603411,22.881586815580384,1578,1
69.75645407739017,0.5367481665474304,20.740786342126707,4014,1
91.42270358611864,0.4686470313827602,33.91794832399303,3842,1
87.27543170100711,0.5921801501977252,26.606784693529484,3056,1
74.36323669674032,0.5482687887209212,28.4088123612869,1482,1
70.380034781682,0.5420094490451841,26.09421810934443,2674,1
71.20031326718261,0.5606850593215671,28.700999296162436,3484,1
76.13517972730416,0.7056543564829542,37.992690560481705,1669,1
59.77207434801595,0.3869111564674084,34.0106422930906,1994,0
67.42623462576655,0.5473632076811454,34.311117559434884,2343,1
53.314159261224106,0.40736188700184617,22.918864721036773,1966,0
73.9922312260528,0.5555512646342249,24.244231317235652,128,1
76.4719593970274,0.4081313488513906,15.804606702572865,805,0
65.16813537700627,0.45826331863949155,25.95309589458623,1120,0
85.73986763290033,0.47049100857620935,34.78351593192829,2163,0
57.74234336997659,0.5975816719344709,32.58473257874186,1546,1
55.3562511979018,0.5918454443942414,28.892433685239382,3764,0
72.24451818559972,0.37542826235536153,29.888498581409735,3087,1
80.47098302612154,0.5054934110999849,26.55557228712297,3702,1
86.83927691457869,0.4290420145250827,31.02379441200892,3785,1
65.4111573713106,0.37414950893246657,33.82939139740307,3468,0
80.78680833431295,0.47829829495756293,21.920566062947636,3681,1
69.61491530499293,0.46915172115441806,31.49823843918674,2862,0
68.2737270005918,0.7426716486345523,34.662174354773335,4137,0
78.83659937486672,0.5432959825360696,27.924498555183153,672,1
76.52322878413419,0.36223824992457626,33.50350306060292,4188,1
54.236078430157505,0.44352259958290574,44.07327222236276,714,0
84.76540349725896,0.6021383295429399,29.47828603506554,4150,1
83.80091354147451,0.7088442772869925,31.966535250026617,425,1
63.74437298490471,0.34140166877620415,26.309714581693044,3840,0
73.95803533437409,0.3120075614860955,30.90625581301025,458,0
74.94030186282738,0.6870965175371783,32.301358124911516,3877,1
72.60673765823907,0.5389614177370904,30.97421170135069,2471,1
64.4969484615458,0.41317072681236333,24.901523401455716,1821,1
63.283766320619485,0.5534629086122436,31.031808856627254,1449,1
69.74445929008554,0.23642522609831224,37.31097969358818,3796,0
81.72729019259364,0.5003375506597161,32.24317882257264,3996,0
75.43600154594432,0.5327821172843086,34.80993594535921,4360,0
66.29385667913894,0.5924270139537829,28.814940149936863,1696,1
77.71698710648344,0.3986104047707462,33.749501197118555,1727,0
41.51457379369924,0.5085687161403359,31.396339191082628,2602,0
81.48765700372104,0.4074575373940413,25.24544635156384,3908,1
52.60286221221901,0.5255383755674317,31.592605023994373,292,0
66.37559058596868,0.4104653677636976,25.04151668279845,2774,0
58.803301053738565,0.45918991608397797,26.83559862557604,3945,0
57.053185242790946,0.40041846052097707,30.946641536461872,2677,0
81.6082678737852,0.5651136241823657,31.48622136690062,191,1
65.32298798688109,0.5858451116656666,24.053837674614353,4334,1
73.46503881730716,0.4765379430042586,35.26992885591438,580,0
69.53079421120816,0.5038237994960029,32.86003139150237,3016,1
74.77040827223121,0.35514085853664557,26.47635782194558,4535,1
70.76821891060256,0.4700323351993213,22.312076017754123,1175,0
57.1700777581143,0.4949795382958255,29.275477104592845,2613,0
79.9626681944714,0.7620793091029976,27.770281430694197,898,1
65.06243416838687,0.3888032974225836,30.565702285265115,4670,0
54.434181013402494,0.6464177238752438,28.18441669422217,4049,0
65.71884839034088,0.5996858773465807,19.96271569627495,704,0
85.00759790634311,0.5280636404490137,28.058265308494207,3079,1
78.50221742113493,0.6758620484195134,28.471904444658435,697,1
66.5134786559214,0.5372105472606863,33.1683051238703,1632,1
66.50742295681572,0.5389159195667929,26.50900162694475,613,1
66.78364948782617,0.49468793469824546,38.39337336686283,1977,1
90.76747983560841,0.6223568882418627,20.441797246741217,4072,1
73.81935452231554,0.6096469233810884,36.55583748901312,3943,1
74.3004164719107,0.43743227125037876,28.878405145609477,1799,0
80.30283454031843,0.3680752805401233,34.29792436171778,1129,1
72.38789159026514,0.4797019362604343,30.399007420293664,4695,0
67.40957854179297,0.41999614356023535,35.697777680127345,816,0
68.03650150915021,0.4936475425384645,28.063190177235946,4186,1
69.28398740585936,0.6237438134684139,24.50689787411094,765,0
69.62777763490159,0.45426983449132097,37.10252143635532,2308,0
77.2762954363698,0.49571766186884253,29.432596770589296,1179,1
70.519458858073,0.5058022734808395,31.107792368121054,327,0
77.3264007721558,0.5848430882205284,36.17375957022398,248,1
69.19283419891417,0.2753110666015395,24.840223789527826,1169,0
70.7863519031609,0.43932997052347034,32.97745448819629,4827,1
50.01799315467892,0.5211283692279473,27.050526217685544,1463,0
79.16327674702481,0.6200078956426861,29.33915322177814,4608,1
73.46488475897992,0.4508097552493795,30.361394826921444,1855,0
79.98010109859652,0.3123447293958126,22.498890692765322,619,1
41.03744621806311,0.5619711445966136,26.105814785897827,3644,0
90.88374704780728,0.43646376111743707,36.7553644620657,2422,0
68.60410371844826,0.38103333409096385,34.43095594292398,1202,0
81.08182816737516,0.4375654610286776,29.686802113363825,697,0
59.60094072874469,0.481547464234415,31.215617292564467,3373,0
76.12773905062569,0.43952553354617874,28.52878747181771,4149,0
59.46584436826344,0.2794433942900931,36.78291692913991,2705,0
63.76231039304195,0.5897066196887132,28.99823711102918,2288,0
89.14031353866787,0.6274875041278722,31.15921046067424,4925,0
68.09317599236654,0.5651521991339505,35.73015072071033,688,1
72.17432873179723,0.38623143295751833,26.113142575770468,4572,1
78.70067730688754,0.4798508466052482,37.79394592248447,1507,1
74.95681887972604,0.4993478684770542,22.347692951283115,4946,0
71.50418905143576,0.559879438956191,38.14821065556399,4822,1
73.64961002466225,0.5668340488718081,28.136622080240127,3490,1
94.03415585238275,0.4265826201221504,28.78650626087359,3540,0
69.42381202966415,0.508199555641356,20.549949144085286,1729,1
72.01099046714967,0.5457280404615241,27.726026413111537,1094,0
80.50654396007612,0.6455822322146767,24.80096734486558,4898,1
81.05525932957984,0.5704506539824723,26.961768273132638,2159,1
81.8703030556038,0.5789056687375519,29.3134451710556,4672,0
76.38730222029184,0.5083826627929361,34.78895807236453,3086,1
58.569950872695166,0.6410459145203504,31.038016757003128,500,1
86.33431532301096,0.5409762795959497,31.53838326700557,2955,0
58.53654606981312,0.413891208982643,24.522403055772187,2324,1
73.02635465239034,0.6403369970125191,25.596229551986347,3512,0
62.45724149980642,0.5697903272539028,38.993625091756556,156,0
69.35861653407008,0.45569559788715175,26.323994826183768,1975,1
73.2876241030348,0.4520507032600757,38.28104126028648,4643,1
73.21357215450273,0.5296575545140761,28.784694005595668,4398,0
74.21920754235285,0.5463184795267585,30.01143968071752,3868,1
86.13711269058646,0.5197292265631206,35.35182580114965,4933,1
74.5353430151398,0.5311308673442885,36.35946210969328,4397,0
67.55843364709351,0.6699957374576381,29.44593719860456,1453,1
79.64087168288357,0.6071543152234886,28.058784732392304,2510,0
81.89470488924641,0.5190635591265025,29.720397757388934,4411,1
57.72392184863008,0.5941310580767484,31.689787641160592,2702,1
75.97400069849859,0.39674760964724604,34.45651843434878,3034,1
77.01172742310898,0.5397927049946809,30.02114929497076,122,0
67.02436496640009,0.6809306349733111,33.09443149011577,2302,0
83.75706813311619,0.47819541046076264,38.1917986613547,1309,0
68.49944412967473,0.4152366071380915,31.906548061323925,2396,1
71.25576453471542,0.4347911111406939,31.55826428002389,848,1
68.26928175716131,0.39103669626576115,22.405445874549663,904,1
70.15579047581467,0.42152380918722965,16.84634931585468,233,0
59.037249131047986,0.4629491901409971,31.94187864615084,4516,0
55.59949117405706,0.3594432980821358,29.52587884359564,2537,0
85.94505063224972,0.5015618333949603,27.42608662542629,533,1
61.53038651681672,0.5902277173786648,31.217651020931722,3771,0
60.08607650543693,0.409224381985308,29.697981354015457,3836,1
48.466098863962856,0.6519283923641769,35.63890125316949,4139,0
63.610382523104974,0.5510792088527595,30.43055434129489,2198,1
56.76910206592502,0.6030580585624057,26.265383574649164,3017,1
86.4201516013637,0.4342165446147863,34.95083119479644,352,1
80.09817089342634,0.5854525227066616,28.91434462526899,4934,1
63.118496548222765,0.3908066099604687,32.63268341836154,1229,0
92.52435805344308,0.5890247500836508,27.612946469035997,3364,1
79.81765486991594,0.5171839339793531,26.75086557251282,401,1
66.75168616491378,0.5553251219984784,30.42084115092848,2077,0
45.005942851264265,0.3824405394375148,30.064143217718424,2863,0
92.90942572590743,0.41049301577233954,32.399135176834164,4105,0
56.10427533236404,0.5597228218253385,28.656771233451288,3341,1
53.546012530431085,0.4051651995775799,20.81820108114801,3157,0
80.2257043200964,0.5463206292099123,27.836130582058058,650,1
94.39752406339272,0.3632862193539754,33.969092335719075,1687,1
83.84272818510519,0.5848174212666668,28.513119603784467,1922,1
75.6390912005236,0.3767476685231491,28.76808298742726,3317,1
75.94754341665286,0.5552299937679523,34.93188252952969,3596,1
78.53415558780307,0.5625630933646001,26.440133863705388,4509,1
77.58928589786765,0.4303228181570425,22.285983908785504,4379,1
72.81191423969376,0.5582026567084727,29.196844402372527,812,0
71.04201103951875,0.5260442263333556,27.579130243756314,2275,0
69.37406872100478,0.44611581438072617,25.16876840123373,4172,0
62.46035411133324,0.39914453159237917,29.123107720506546,3949,0
67.19324923133226,0.3037374308327421,32.45752823623392,2533,1
53.07043185804615,0.5349650047299693,29.953557192160922,3401,0
69.0166037320525,0.3435197228637945,31.53490536343119,370,0
60.11408892849083,0.5095344199441308,39.06703849257711,1894,1
58.964106827842286,0.47365517839177507,28.28560569221218,2562,0
71.79894151153478,0.5679142775438195,31.391743173223347,4393,0
83.920022863446,0.4697954500510136,27.453933187004328,3494,1
79.18316606002313,0.4670552213652909,25.768201400565136,1179,0
54.29499396376823,0.5731870704288295,27.07546173291115,2978,1
60.10371863429663,0.5335058029084118,27.606207142391558,4823,1
79.40771187988216,0.5316155957182779,31.797378987735627,703,1
60.175126064616904,0.5469267589808526,41.74537893350379,1685,0
67.75366850002976,0.3464427876792894,26.4197828186208,3157,0
75.50052099024552,0.5756788679986982,27.91687347192269,4085,0
60.31655545136365,0.5612468794013602,29.68438493444376,4789,1
71.0537550614596,0.3983316871423503,31.978994243548737,1495,1
56.65974505081795,0.47559195263257986,31.317754059773925,3788,0
63.98632356048786,0.4960692712372369,36.420478969740586,699,0
73.19781934142537,0.48655032155982675,17.86803964732396,613,1
54.070062664683306,0.5333859966568535,18.06535064902164,1166,0
74.40474737960399,0.6431366781831184,27.520609139949254,2986,0
69.80362201073319,0.6081766727672828,35.486500937718546,2753,0
75.52489954417148,0.36877808065685935,22.17175984197202,1188,0
72.23914134064661,0.5622069990306049,14.961838301531214,4485,1
83.64140429973844,0.632893331953541,32.85589703109604,4964,0
71.25224502647907,0.5386808520689202,31.21828611851357,2614,0
65.70594458874747,0.6090980425185967,24.548957966002853,4069,1
71.22297503032284,0.7012270445700766,25.07230199639535,3384,1
75.43298029036387,0.6023709546106981,25.15128140182663,4666,0
70.48860070325705,0.5249308595641728,30.5526765873697,2296,1
70.40591691203882,0.6045088474084753,26.868423619084965,4283,1
62.980083121932445,0.5144887833096892,32.4703195948776,889,0
63.37099082449052,0.5023903043284955,15.726866685478045,3575,1
55.97394728200307,0.46485857642862677,25.715740674361005,3253,0
87.4957674318694,0.6563413358832109,24.36973019544475,1764,1
57.56136764608715,0.41815713340579985,28.71829660813754,1409,0
63.07094802204092,0.6532367724678116,27.309761207549307,964,1
62.81592734430802,0.5499864123740371,33.989218899478836,3963,1
78.94924376944441,0.3600693825198058,20.703316141699712,3463,1
67.05050321707972,0.5367649292991421,30.22745738165376,3624,0
82.47742072673734,0.28999734923483755,32.791682116058524,3886,0
63.26509375756132,0.5625508016831036,39.28323718280977,123,1
72.78994162223802,0.5885231482988991,27.591170144532626,3103,0
61.64652946740243,0.44076440443479464,31.622293021762584,410,0
91.45149127773388,0.5123547695955583,20.980686037188175,1331,0
58.12401580970487,0.6954157433750286,18.04021897843488,3888,1
73.09820710227028,0.4494253295738063,34.2238718789085,2811,0
76.33776880932099,0.39410924129433994,29.97219853175965,4901,1
74.13799097451498,0.6481663402462599,35.892563448992114,521,1
68.14712341122292,0.6962587190530795,23.132985555151254,1873,0
68.70179300266574,0.5003695671847848,32.599510697643765,3668,0
70.4381147197911,0.6011463035408356,39.34408920271927,1046,1
68.52997998371511,0.6341475915530881,32.09852804178633,1286,1
79.6387911679491,0.4257515767461616,31.382907527955243,1934,0
92.10523001591352,0.45146941646321315,30.04278040412175,1664,1
64.42508214992166,0.6230874513154735,22.145592714370437,2047,1
56.301970204209226,0.668501427870851,36.77786467855174,1408,0
69.11717951648745,0.5562880860174355,26.94571180097467,3086,1
95.79709337654319,0.4120185646497946,32.522416281915085,486,1
61.963254320302696,0.6987061111699442,22.18482846714373,1261,0
86.39116805444067,0.4469029102188036,24.1027016774611,3358,1
86.77700814076441,0.4664862218828548,37.17543699611117,4911,1
64.46411758292005,0.5342337834489621,28.263488555210785,4033,0
75.68983079185276,0.6554160420714774,37.266377380212724,2947,0
86.28396623128538,0.5853975976552224,29.60884670470741,4621,1
66.20872259012513,0.5414865500361911,20.790511135210714,1539,0
67.96419639897638,0.5463288530118107,34.4603379986586,3542,0
64.18319086051356,0.5043514668643466,27.05053841122196,4580,1
59.852432693071336,0.5558139514518506,33.493444067585216,155,0
63.50722454933993,0.24704399223056966,30.12605433770041,3424,0
57.760597332377436,0.4703392540930202,22.284408860285648,205,0
70.34083468259226,0.5241321934916781,30.821473826852845,3301,0
62.30026768941358,0.3848985916380493,40.981115710763994,769,0
72.33785911790747,0.538632331781156,32.4649322925723,4571,1
54.44104353796373,0.47955287790138784,29.712411234972684,842,0
73.30880232214457,0.675547569831549,35.376717009784485,1066,1
78.33528961608924,0.6573019725214857,31.053342326015553,407,1
50.062643574285445,0.4534194430881837,31.04767115131397,2238,0
73.74056569847572,0.48491622884333047,24.541874139204488,3564,1
82.27668992473292,0.49260524343916073,31.16924012894799,4997,0
57.90358981308795,0.45483405238403773,35.177217082084724,209,0
86.72572386837703,0.5195024984028127,25.819689239499876,3732,1
74.19019009366045,0.424171793111241,37.122479106234735,4535,0
62.949881442415915,0.38693846650624736,29.54146987927437,2015,0
69.44230922342294,0.5622711223900269,25.561152442307296,4363,1
75.58326912521723,0.5629529584221811,34.98816038460122,656,1
70.76005391412411,0.41956842403400074,28.566028821308652,204,0
75.38755992446369,0.58953554307626,33.79757443743054,2147,1
60.79326406920634,0.43684222708346687,28.541206838707314,245,1
71.69360824036077,0.5253165238037981,29.70086928235048,2863,0
55.8628550309502,0.5820344012612456,32.467801021671455,973,1
68.88773938651299,0.4966387435296287,31.45448528795003,398,1
60.960923585352106,0.5454740912141134,20.022341097741307,3338,1
62.64470057410233,0.44835703561124285,24.39378129952804,745,1
82.36093175210438,0.4803533416571903,34.64704992395408,4833,1
80.9131012059427,0.479414056911966,29.339317055492263,3178,0
76.09138120907177,0.42534216534597613,27.381343486142892,2611,1
59.07687235327421,0.4823225836884218,23.20712992371263,883,1
66.83591550305198,0.34513817011362535,24.60131839362076,470,1
82.13097699979184,0.45088462528578954,19.89100680019026,586,0
71.41716913639905,0.47151245066303293,29.493596406492337,2137,1
93.19329539981695,0.474382024750462,27.007812097094764,3296,1
73.93317839394372,0.47585025541292214,25.167060545073426,1460,0
71.92049116490031,0.49382358001398713,29.659382874160233,4387,1
66.908835357975,0.5479441518086063,31.81985315426369,4925,1
71.33540904782282,0.5874517074132523,40.465989661049726,2361,1
68.47530163619456,0.43502347731517327,22.440582902183934,2721,1
77.0810867668859,0.37967991446108557,35.79690521650261,1056,1
79.56702316794585,0.3957955587756897,34.86550780507536,480,0
62.140105394920504,0.4512797078805073,26.104536303116497,3749,1
56.68767046442222,0.4648078682183491,31.016179772930155,4993,0
51.637946268967035,0.42300039338025425,27.711833753311925,338,1
75.07991326912544,0.37038833357501055,30.928442902093696,1205,1
58.966333938261265,0.4543879172525812,37.54565506702275,1486,1
48.471094070475175,0.5181426620113971,33.02803116315656,2652,0
73.88578604530964,0.5595029465835565,32.54304186616721,2349,1
94.9299951743279,0.44425769468916787,27.848453400226788,1627,1
69.93929088460106,0.4587002177856566,22.579716675378325,1767,1
78.38490774451643,0.4073301691152689,28.95765894729796,4232,1
70.81829358547564,0.49685608296252237,36.03304077431957,2791,1
69.01110346808858,0.4151571365809185,22.36416071705176,3772,1
79.19076482987768,0.55731278132412,24.724553159116525,2096,1
67.09725455811349,0.32141335080658884,30.63133868117034,1525,1
72.67392314071903,0.4640370327547538,25.076726075763688,2912,0
73.21697806196013,0.5301107339191742,26.03738276442394,3347,1
63.31909546356951,0.5183834516322504,27.882007091359114,2692,0
79.92042349536523,0.7693033663980497,23.171912979049253,1590,1
68.25040243304592,0.5349800024567908,25.129390768918157,1324,1
62.442548405071555,0.399594540315799,33.51713958393654,2687,0
75.36509843570404,0.4904535752910927,23.46315108884518,3164,1
61.015320182089624,0.3223753666533548,22.010639327525812,932,1
70.28181157369129,0.4919400250703239,26.84987510233053,4792,0
69.90881003355797,0.4166943942999241,33.659777512549226,2540,0
80.85895565831578,0.5915390275560162,29.01539096001555,4895,1
74.74698232879953,0.44504597254044653,27.677094609421907,1746,1
69.74973041254856,0.48832340842047534,30.221793987578035,540,0
78.17766299200287,0.43644421585955967,21.27146283570174,1629,1
83.90207549017313,0.6738851351853331,32.473528268875164,3065,1
75.57810306351863,0.4678757233882088,31.91717515701822,2467,1
70.10352619843381,0.6832557043479202,27.953457629521395,3386,1
56.8816376764984,0.5814151762118267,35.02962255898208,4763,0
59.348863369246274,0.5482066727335386,24.362519505234808,4431,0
66.94775295645333,0.5368733147317519,35.63954496626785,1404,1
63.90487797840717,0.5393797298216252,30.772468327976256,3134,1
68.13028697014553,0.307232742065439,28.317237050609133,3788,0
70.56649924897107,0.4721116605849244,29.90063182315844,4073,0
75.2969275435673,0.5845157971184322,29.46367617094529,1285,1
69.29501221940909,0.49511028165258947,36.101414482088586,3362,0
74.86501643826202,0.3594810153196425,24.61660436264493,2207,0
70.6447441481012,0.49475955494225304,26.18740380426701,1940,0
50.24533433646128,0.6704105516255492,35.1815144603624,4420,0
60.606646061812455,0.6246891715534719,27.022325324080704,2847,1
68.55912444278384,0.4937995990633968,34.50266538665796,4777,0
57.90305257158892,0.5951449277058086,38.497179915043546,4364,0
75.99928729996205,0.4633492979631948,27.99102486529183,3233,1
85.30750832343698,0.3296128413173281,33.406811632876526,3520,1
82.18761851697317,0.40755340118704453,24.23153859330071,1565,1
67.86557129069791,0.6562888768508198,33.773666490339046,4209,0
84.90726136849952,0.4726006918170696,30.997119929933834,2311,1
71.48667457202112,0.4756616020624982,32.365191410801074,2904,0
66.62914028881961,0.4700161803725119,26.772139639823024,1643,0
63.8659733645906,0.6904136589573007,21.694582922164138,1789,0
66.97530313511872,0.6625958915362063,32.516260323747524,1671,0
66.11823181458772,0.7218780233448134,19.682984237602728,4641,0
71.70416222375488,0.4840954789599949,28.413247538787324,3379,1
71.60573981049865,0.5295624488747095,34.70590933209985,3641,0
70.03046020153414,0.34833574505792086,30.95948867936518,4911,1
74.3693816974635,0.6476934426118275,39.74171322394906,3123,0
81.90646274786342,0.3832220448732065,35.12554576290887,918,1
79.49554135441323,0.5216775563762629,26.730508058372116,4621,0
55.151020315500965,0.3902697472367156,30.136566899257193,1224,0
44.46078865098045,0.4411133173261304,29.76314648727782,1229,0
79.34319911239274,0.41627375689503,22.089116183269365,1802,1
56.33121301584579,0.4392124739324182,25.298005417578235,2101,1
67.75234598107316,0.44608772968510213,27.1961954651007,3978,0
58.298869739406406,0.4451731205074923,19.818897485720317,4472,1
51.9801956241998,0.5833333911780307,30.237467341258213,1906,0
75.41462728204787,0.389513720693748,28.754640776734796,3047,1
77.59155160302647,0.5220541427013867,21.63553049344213,3309,0
64.2348959927328,0.6217959152305559,32.02106432638666,2252,1
44.0895770785509,0.44868036354866037,33.5793637234548,4741,0
64.53755551747517,0.4282081109252398,31.135172394324446,4305,0
73.91804005402547,0.47694753748197494,28.37965912395515,644,1
55.21088431225871,0.617972520836071,32.957210758759274,2501,1
71.83359919779156,0.5194107630953357,33.40110180238346,4938,1
69.84690150827005,0.4468785705392401,31.537017848598442,2464,0
75.79291499601088,0.548387665118804,25.876938747826195,1389,1
71.19580368414154,0.38977078501635765,31.383003827555903,3865,0
60.26931059118444,0.5681359510442948,35.977403254127395,1975,0
81.96571501664491,0.5408607307701767,27.01685470694135,4528,1
68.4147042697303,0.4692191528861116,40.489696695662154,4787,1
69.72695460490068,0.4161414201552769,27.37184533007308,882,1
60.667320409268044,0.4113319077716543,30.162035066700682,639,1
65.5671774880849,0.553481733634591,26.637572019968317,2882,0
61.15197285973099,0.6228980502489062,31.116354179601306,2768,0
68.27053940076577,0.43626922529712053,21.288891536823623,4814,1
87.11708480142343,0.5458386703551484,27.269791005916396,4037,1
56.28098857068643,0.2912972981397931,24.539393998257164,3056,0
53.86438602123259,0.44153822693428,30.676691739461454,3822,0
84.71170327493608,0.4968941067129098,34.97223687754454,3967,1
67.90676322848134,0.40903165830181665,33.230030935572756,1933,1
63.309272613400836,0.40634936252104037,18.14170319570554,2246,0
80.39904687396077,0.4332220443531114,40.2103482646394,2270,0
63.94384460263136,0.5292192728326374,31.47639970310434,3491,0
88.26009713546937,0.4812670981593625,26.117504297535,1716,1
76.7792587133927,0.2761768766675028,30.785639594954706,4717,1
65.12088591854297,0.28792998473649334,30.880949112513463,1016,0
91.57308213265503,0.43931348221428246,26.665756415242182,4912,0
63.94285076996662,0.5457686586053552,30.98958333671038,2856,0
77.42095372009307,0.22524951572747653,26.962638561898466,2036,0
72.99292580406492,0.45002698238483696,27.978190036549886,4142,1
83.01741289398798,0.4473752143482579,26.568604321224576,3191,0
85.61511196726853,0.6388337778208448,22.836643551301737,4755,0
70.32004149065767,0.46149781882871366,30.72918235107692,1068,1
62.46582129653817,0.5382988984740928,32.92649718258169,3464,0
74.59972142939117,0.5141257140087463,32.57441798038186,3303,1
63.22284630247894,0.2869433520192799,34.09962626317617,989,1
90.13387247526623,0.5768207216631738,31.621701050074343,892,1
71.36535331082737,0.5215396505456288,27.33637250891548,3558,1
66.34678448687892,0.550826863967459,34.198319322155946,1081,1
71.84680305864909,0.8926237706436326,23.212412300790326,3631,1
56.52873710470303,0.29158870605014114,25.496643087437597,3629,0
60.28385961489349,0.6724696649761108,25.178999642883777,901,1
82.00413907944426,0.47125524805996444,35.400280295696554,142,1
63.43105721028604,0.5287328904403009,34.713942570700375,3449,1
59.5308901731806,0.49544877546987576,32.43652618522498,1877,0
75.36652752527286,0.45757636666019563,35.359649326058985,3301,1
81.85704154662997,0.4430167071761241,25.60358608794006,449,1
77.18953310665067,0.5329508735573009,31.742975599304902,1667,0
79.96047685805816,0.3482826303328321,29.37412785808418,1229,0
62.43204911430539,0.5750579167521765,34.23441051942457,3059,0
55.78189333258156,0.4583805595114746,29.423878837239013,3887,0
85.01333651955487,0.38699306609596423,28.075285557949595,1880,1
66.77320161157864,0.4549987142004186,32.70454259280495,683,0
67.49166983544953,0.6257149216862573,34.380845835956166,4627,1
83.28194141849058,0.4464664912983777,26.65827402576599,3477,1
75.5623000940066,0.535845361820962,29.69462164323812,3501,1
74.55887772081607,0.4269043724284527,24.707796831791736,3285,0
91.65002344901083,0.575792184992362,17.509694912535302,2294,1
63.564817696198574,0.5685507738790204,31.002298157068644,1262,0
79.27840128081237,0.6848608833296411,33.04452678127316,398,0
70.57013124897084,0.48244360545007847,31.310334045433628,3447,1
72.68592278863257,0.5668654804757907,20.252191411228164,2039,0
85.28468426412532,0.5098067539538944,28.245752849617627,888,1
75.07835756289624,0.6295871781863014,18.908261199744594,2989,0
75.38296079049633,0.42811676123912695,36.84850553827093,1477,1
80.72507337309803,0.5745005312877282,24.569727089409568,2049,0
66.35047270457115,0.48053027038833185,36.27701804729948,3372,1
61.607903326609936,0.4935811822891502,34.729348218420725,977,0
59.55190805978967,0.5091752484448373,25.497048237319692,3842,0
50.33643410623998,0.5252240396426677,24.336075243661277,1677,0
90.56207129940321,0.4883770956878042,31.75185108193169,3239,0
58.96791634278317,0.5214713183170526,25.778379814084644,2592,0
67.78746376414227,0.6578118057562184,30.512423210791038,2855,1
67.2318670011108,0.5985449685615218,27.58586204596541,2003,1
73.07406697809101,0.5869154592496897,21.09420792767183,1482,1
78.15737212539297,0.4544460473976129,18.847659904377707,4340,0
78.60473488359746,0.41107591717716757,31.133421242472984,2422,0
64.16922561431062,0.5955300558237753,27.192211268346874,2656,0
68.32878286213588,0.5876046792529794,27.234550915429338,1961,1
72.825799504883,0.6472670675750982,33.479319195468925,1966,1
67.51308873816453,0.43960193740307707,35.86721138316222,4147,0
86.07345576019992,0.4770451344639653,28.637276393190955,3275,0
74.90974951638252,0.3360515837474566,28.297006465450693,1198,1
77.34877786049817,0.4607528893939127,32.50071516556942,1834,0
76.62881268667412,0.5996570510579448,23.21532215150212,4763,1
81.73473857485325,0.4533504620771802,31.115765273738486,3516,1
71.81021558703706,0.5640479795200823,32.75942985911077,4726,1
57.03168052044153,0.48094968940021887,33.401151042088145,780,1
73.99687951752642,0.532405702822156,20.316236487487675,2170,1
63.48643106208171,0.3852308610184333,26.193223650955296,4924,1
64.71383318250243,0.5085209449633901,25.608683735882668,1829,1
75.86364018755093,0.20088640290992765,30.499434772046065,2291,0
82.38283071433636,0.4813103841838015,32.403722898839916,767,1
70.21271576736062,0.33695267562848596,37.483552037229906,1712,1
73.08833012598964,0.6205994516546816,27.525172598159635,780,1
87.02214944635239,0.5777407352764511,27.512137508453932,1072,1
72.40753179488568,0.5466670981966081,35.74836009439373,2946,0
96.01683114180395,0.652100622715938,31.482884692651524,2232,1
75.65509645631545,0.40510834791751626,36.33825755593987,2563,0
52.39237240844182,0.6747363197915558,31.44364001504918,2629,0
77.53341621104532,0.5932191564260385,24.214416906433645,2603,1
73.81158384882778,0.4763444712781054,23.334358226110968,4492,1
82.89752754082745,0.6135620147182944,22.242438754705354,3283,1
76.73181351269959,0.3893706487588366,33.31025917379237,4133,1
68.61544016016227,0.41754858384723265,35.94298411543504,3267,0
57.757017637106344,0.43914102767602997,39.2468107069319,3097,0
67.90976742713974,0.4471022291935985,34.2155266616162,3327,1
61.494795457907,0.3943442357239747,35.81419288767493,2252,1
64.19476550195277,0.6223083067095325,27.099918336731577,1828,1
75.88578404420609,0.4741145599630168,24.21792091628072,2124,0
86.69904504351406,0.5352504968356879,34.250396662087766,429,1
73.9467152982298,0.44296486335863194,32.088403761197,2586,1
58.04116937964815,0.3179396699451483,30.537221871704464,1255,1
74.4460266822014,0.5270057358391422,31.93685740316495,1990,0
81.96631486645651,0.3087745024580223,31.61592741229103,4577,0
63.90217095680618,0.49313659539145316,36.41908429926781,2285,1
68.65982833327082,0.363168496116719,36.47492792408478,2417,0
70.14688194729197,0.6987275999230809,32.72110176170173,3721,0
62.151016869177596,0.5911362722174722,34.22901436281464,4591,1
76.4828043384386,0.510575379127148,32.570312762123876,2611,0
68.79051851392218,0.6263706677654669,27.694151339826906,549,1
74.19532443907028,0.4153684022534264,33.7828233745657,1454,0
61.125078221978995,0.5543479378670093,23.027524655703694,1393,1
65.62541699676589,0.5199810433718713,35.269457761479416,2565,0
77.22381357827771,0.526402008133367,24.027385301169826,3202,0
66.27166847908234,0.6272353500106768,31.429016433973665,1949,0
87.26963851233405,0.5732492102779803,25.774230207869206,3275,0
66.00363814385398,0.5288723662825023,32.766944915372136,4381,0
72.24684725751887,0.3345112563771704,29.830373870360457,3299,1
79.3259083187309,0.40399537047205364,22.026220209183336,1333,0
55.816342670669684,0.48772910664042757,32.103498155092396,1537,0
52.39191188019224,0.5093372374276651,27.110396115836448,3452,0
54.74343685429905,0.3869796275326076,34.405733604066846,4130,0
82.62584103427182,0.7411676675578421,30.006628443672035,352,1
64.48141854107553,0.6516394055253573,31.97710492694019,118,0
95.58199285668252,0.5602118320392484,25.21215522492394,2859,1
64.35752401342612,0.5072036861283745,27.05333884286319,322,1
71.84551303197037,0.47877910300988485,27.706806819494577,102,1
85.42109952567876,0.4048081539977764,34.283512401212775,1359,1
90.06092888159122,0.5077480518518862,38.386885439027445,4423,1
90.61503576636397,0.525775254014275,25.97414124128562,4694,1
82.08366230593143,0.3758239424518376,35.3842407232884,2668,1
80.24062525811462,0.5334176417244898,19.15161291137149,1985,0
75.92526949201184,0.48447409511752515,24.029052994538553,1399,1
