machine_id,base_temperature,base_vibration,base_pressure,current_temperature,current_vibration,current_pressure,current_operating_hours,deterioration_rate,days_since_maintenance,previous_risk,health_score
M001,67.48357076505616,0.3699146693885302,26.56247728646413,88.02270900461538,0.7681252970132865,35.81424476705618,2287,0.7736297601713666,98,High Risk,38.49427795410156
M002,64.30867849414408,0.4926139092254469,27.44302307000855,84.98587261299954,0.910630169385654,38.39412740053859,2663,1.3130557688715736,64,High Risk,9.532517433166504
M003,68.23844269050346,0.3993251387631033,24.680995077981915,93.99651711541796,0.922408586092727,38.014281759219784,2522,1.416020201772998,75,High Risk,4.393023490905762
M004,72.61514928204012,0.347114453552205,24.411380127757987,75.38123097103556,0.3969295750790567,25.602484025641424,2454,0.3844993570194526,26,Medium Risk,54.307865142822266
M005,63.82923312638332,0.4411272456051595,30.437577467182592,76.22570247498736,0.705896331283401,36.65285422437583,3118,0.5507024611384321,88,High Risk,28.371261596679688
M006,63.8293152152541,0.3389578175014489,32.06872008571247,79.9456804665351,0.646603589073898,40.06374728649101,1818,1.1053722201888607,57,High Risk,33.50012969970703
M007,72.89606407753696,0.4104431797502378,27.783969635259,78.44645195380156,0.5152261511373729,30.25164082677638,3134,0.7303761375553967,27,Medium Risk,43.634666442871094
M008,68.83717364576455,0.3020164938060112,31.01059869367608,77.52528834854299,0.47980600835562826,35.769688281597695,4080,0.6049963788836865,57,High Risk,28.006654739379883
M009,62.65262807032524,0.3335906975550785,29.084908075142906,77.33819899830031,0.6260784194411759,36.42451810889607,4342,0.6543487061027264,90,Medium Risk,58.79433059692383
M010,67.71280021792982,0.4098430617934562,26.06464073618463,81.33995398054078,0.6679679142606795,32.785377404907805,2950,0.6870609170863207,76,Medium Risk,49.94062805175781
M011,62.68291153593769,0.4369233289997705,29.084186816525243,64.00064097382364,0.4641629957012455,29.90696499823275,4430,1.3184037539096094,5,Medium Risk,40.563636779785156
M012,62.67135123214872,0.4085684140594985,32.61410969939791,69.22320978486597,0.5386200264057696,35.90616674078416,4042,0.4639455977304345,58,Medium Risk,50.597835540771484
M013,66.20981135783018,0.394217585880588,27.892521882670145,73.23917222236665,0.5341457524527798,31.86287481205645,3611,1.1506931962921425,25,High Risk,31.22948455810547
M014,55.43359877671101,0.3849448152205356,32.69393096744202,75.07953107786597,0.7786094999030189,42.762560924697624,2930,0.9633839722894892,79,Medium Risk,69.93669128417969
M015,56.37541083743484,0.3260739004816286,20.14076468773077,66.54933709970916,0.5291044798488816,24.981384103882913,4175,0.6558121723773582,59,Medium Risk,46.863555908203125
M016,62.188562353795135,0.3640077895802646,30.465707513125672,65.66251266619571,0.42542087542084844,31.812241970627603,4395,0.8037370277355318,17,Medium Risk,66.64419555664062
M017,59.93584439832788,0.3769680614520106,28.261141204714512,78.94072729002362,0.7694811831880402,37.54455333112571,2182,0.6074483323133497,128,High Risk,18.67666244506836
M018,66.57123666297637,0.4528561113109458,27.1029779486024,72.34488869625613,0.5796883217992009,30.2416964065463,2002,1.0338164530388163,23,High Risk,34.309913635253906
M019,60.45987962239394,0.4171809144784231,28.275282329606508,72.7465336332136,0.6802354081538834,34.53441122058883,2512,0.3979130164802884,124,Medium Risk,63.235939025878906
M020,57.93848149332354,0.3118479922318633,22.037293256197323,65.77247293419653,0.4661768465051281,25.86736935163166,2580,0.3062218353287841,99,Low Risk,74.09930419921875
M021,72.32824384460777,0.4162041984697398,27.340984336487463,87.70281464719424,0.7721079903588012,35.6140113354006,2850,1.0534732979383632,60,High Risk,31.21219825744629
M022,63.87111849756732,0.3807458859791842,29.07133771453524,80.2152863331542,0.707266934760696,36.679736733868864,2997,0.5331287442144507,123,High Risk,22.96050262451172
M023,65.33764102343962,0.3661538999847021,32.43368213422455,72.93038677115665,0.5186836893765551,36.389186972982216,2077,0.3851291003999131,78,High Risk,25.114673614501953
M024,57.87625906893272,0.4305838144420434,26.44518934517906,58.52475571225666,0.4455702214212971,26.70471945851879,4200,0.776140592656666,3,Medium Risk,59.25733947753906
M025,62.27808637737409,0.4515499761247976,25.57451919132044,63.53690564757321,0.47670067058975524,26.22925897137618,2809,0.3609222372472763,14,Medium Risk,59.80821228027344
M026,65.55461294854933,0.44656400595581,26.49472886924639,72.53052635222679,0.5825913397753962,29.154013903616896,3854,1.363940578740792,19,High Risk,28.352659225463867
M027,59.24503211288849,0.3580391238388681,30.746206353106224,81.1360781248497,0.666402510016537,35.85205102728326,3044,0.3331401262484456,211,Low Risk,83.54795837402344
M028,66.87849009172837,0.3845393812074393,28.986253328979053,89.7828161742477,0.8160444175110495,39.09023519659131,2012,0.9946378746090704,87,High Risk,22.29121971130371
M029,61.99680655040598,0.4165631715701782,26.410719388698883,64.96318465334784,0.49318709486631496,27.878159400210812,3971,0.8261689476217042,16,Medium Risk,50.07651901245117
M030,63.54153125103362,0.448777256356118,29.539802299340067,67.14898597713258,0.5315732003443601,31.367647335748646,3698,1.1064313623542392,14,Low Risk,75.8442611694336
